"Hash","DateChecked"
"f851ebc85de133471b9389724db19f5621c26fba1ae6d088ca7136b0c06de106","2026-05-11T09:55:37Z"
"0ad93b74c0707dbf3c3def40f3603fc66dad3b0bb66749ee371a4a9f34347de4","2026-05-11T09:55:37Z"
"ebbb20717fc26ecbd1c676115a37aadde95cf26a35d7635fc1cef29a1d238afd","2026-05-11T09:55:37Z"
"dda5aa3d7d1331c318d59f913c9f6be8112b372873dec8bdec90ba9f8be69292","2026-05-11T09:55:38Z"
"21feacb85588d56c582557162cb6965274aec4506d8d87aa8a5d8cb9b36fdd5e","2026-05-11T09:55:38Z"
"e46ba62776e38e23146399b74746408e8b45c20f16cfe309701c951d406e289d","2026-05-11T09:55:38Z"
"f11b94212b4869a7a31c7b4e2510a66fcbcfefe3f42123943fb0ad318f01f403","2026-05-11T09:55:52Z"
"aabc4804a7ba8daedcbab2d224ba1c94497735ee28571e6df9a4f3b0685add71","2026-05-11T09:55:52Z"
"ff980f0a3f72e1d9e97214d0bb9337d7d0c4d32e9cfb9c02c80f063be6439d03","2026-05-11T09:55:52Z"
"c6924fbc26402fcb0e5a6803512969bf1400904ad7a26e9739e4f0f98f90bd35","2026-05-11T09:55:53Z"
"6f26b9821ff3d741c44cd6fe44f111b6b8bceae7e9dc9db8502239e8139e4b7a","2026-05-11T09:55:53Z"
"6dc981731c9db84d7cff1a4b98e89ad15370d2be70715b8b175ac5fe2dd095ec","2026-05-11T09:55:53Z"
"7c966010eb885aab668eb725e9e87ac9459d160843db7a1753192e5910e362f9","2026-05-11T09:55:53Z"
"8193708fc340318bd9877cb7bfce0554f86a1514852746a3cd61a6b4e2b41b3d","2026-05-11T09:55:54Z"
"c1af65d7b834fd4ff87d37d57afc8cf6b41af05588bfd1a6a5ced6884a9b5239","2026-05-11T09:56:07Z"
"35c1c1ef3d8d94d66798761162f7a84facf040cf1e097ab3e4e58e7a8698f921","2026-05-11T09:56:07Z"
"24466dfd4e9b0939b1e694617833fcaa04a7603e748b33c7783a20bf0e896762","2026-05-11T09:56:07Z"
"1f59deb11e6297c00e539c9352893f4ca12d188d5cfd159b0003d60868527711","2026-05-11T09:56:08Z"
"845d3934495878351d2d69dc2ee0ee62f1ee627a2f7edab12b85c2ed73eadbd2","2026-05-11T09:56:08Z"
"5528d2725642f73bfa17cdbee7037fc96d6beb2798c521341c92dc5cc821a855","2026-05-11T09:56:08Z"
"8ce51f73a14550407797260c2ca8ad0d97d202b4d2d53ec4856a28f0139b9aef","2026-05-11T09:56:09Z"
"c74e09491d477776fb5eacc6194b19e1061bd6bac8477f2dfd973eebe45cdb06","2026-05-11T09:56:09Z"
"dc565cffe1f1c07d792173398ea929013d857796255300efc09224cc0c0c4058","2026-05-11T09:56:22Z"
"47055d85bc846858be1bcd17acccd92b83f0e2b1b351d9f9fb4f3e58e6d7d613","2026-05-11T09:56:22Z"
"d64ff48a9563b54f6fcb1ba8134152a5bcbaa2d96ca568960a653fdde5c646f7","2026-05-11T09:56:22Z"
"25e3d4a01e2605318632f9cf55b34c3ed1555115c4962e6f6f491a86680b8820","2026-05-11T09:56:23Z"
"6aabc60aefa2fc93f6898b8962a73ce56dca24358de6f5b1bacf23c11a4ba63a","2026-05-11T09:56:23Z"
"72eae32903c58070d35652777bc6906e7e4e682d25113046eeb5666c165a56d5","2026-05-11T09:56:24Z"
"104312f81f17f8df2adfa27ccdffb1558bf719416c43335792eb1d544184fd6c","2026-05-11T09:56:24Z"
"19af37581c7f2e287bb476189bac6c581e86d81fa6e4904356760e84821f9aaa","2026-05-11T09:56:25Z"
"b99d351eceac0bb1cf09ac4787afad82bdea4374f37fed7aa669fef2b107998b","2026-05-11T09:56:37Z"
"1619303bac312faf1aeff94112a60eae53a390a3b5148833887a4178cae1e66d","2026-05-11T09:56:37Z"
"1616d700d62617e0daf8bd987106a3c7196b506cc7b83e997bd19fc85ffe20fb","2026-05-11T09:56:37Z"
"470de7237ab59384ee40ad52841598c9984f3f7bc9b5c126b5539d37639400ea","2026-05-11T09:56:38Z"
"fbb4b7450568a5342a3efb231ed8ad39096fa8bb7b578e900c8dd4e54219ac93","2026-05-11T09:56:38Z"
"551b4e8ef52d1b47aae199ee843b299eb0be61bc7022b2700530919ea3f9b297","2026-05-11T09:56:39Z"
"4eaca61d6819c7061022cdef374c31c703043b30f57e43d4942412882e23afa9","2026-05-11T09:56:39Z"
"15b9fb75c8049a0bb7778258701f6e7dfc264116ea49d530e7aaffb053b0dea0","2026-05-11T09:56:40Z"
"f5f8536ef10cae9dafe4bfb9855a8b17496c2a87673842812dc61df95f1381ba","2026-05-11T09:56:52Z"
"4edebef8dbe7738b9af8db9ed951ade002e2ad7bd041ecf0dcca362c7b3ac884","2026-05-11T09:56:52Z"
"5586b7a5630e6cae4e57a38b01ca46a043aa2afe05d21841ca2282516356b9c8","2026-05-11T09:56:53Z"
"32be189f2c117ce2176e4b4617fdb8ddfd5fa6f4933bfb9e03cc68d3e9c31558","2026-05-11T09:56:53Z"
"82956d33fb576bcb6c345b9c3e9ced9ae046851f4d97aad4ca7061dae2549c38","2026-05-11T09:56:53Z"
"d7b46342ec9ce3d3343398453cd39dda0e9d8fa3e9cbcd053c20f7c8c4c10ae1","2026-05-11T09:56:54Z"
"9d2ae961d64bbff15910f7bd60978eb396d77271d50c3ba3a0bd9fe2d013b5df","2026-05-11T09:56:54Z"
"478f394c8da5310317f73e6f5de9de11510579b1a6ecf94a1b9258f5b4782d5b","2026-05-11T09:56:55Z"
"5fc605acad2781ba6740f1d1d55a33d00045daacb29fa0acb9162fedbd153fdc","2026-05-11T09:57:07Z"
"e1f117219cb378163453e6d8b64464b731c1ac77b7f004b22bdbc84bd3aaf58a","2026-05-11T09:57:07Z"
"22d2e05e2694bbb118f9070f4616fe6ec4c4533a8ff0dfa96d9f4e3767592681","2026-05-11T09:57:07Z"
"984b41443ca3a970f049998bfb1052a22201621190bccebba6bc2a053d203a43","2026-05-11T09:57:08Z"
"736f761ad30425d86033f71c821dbb6656467e99efe9bf00a917a5b1956bf79c","2026-05-11T09:57:08Z"
"6a9b4cdf3902d2ab420d655415e2a2c74df056a98e36b382eb5c008ed00caf89","2026-05-11T09:57:10Z"
"f0b596ff39d4aa2934fb9db231045992d8ac532879b146ce4671a12de17893a0","2026-05-11T09:57:22Z"
"7f322a1484a161b31bb3493cdda4c8ea45c6fc118e6d269b9c763792091867c9","2026-05-11T09:57:22Z"
"dab3600ff8b7332e63441948681941006cfa6431d3e5911b3fe99e3bfb2e370d","2026-05-11T09:57:22Z"
"0fbd2db10ca07bb1d7b987dcfb46080179da4ab9a5ac4df6bbeac7f4d607340f","2026-05-11T09:57:23Z"
"435f9c849dc24421b50b3161bbb8fb8e01be87c33ba60943b4b6bdb144a99603","2026-05-11T09:57:23Z"
"40520f9f9bcabd8281feead8eda25af43e1596416e55efa69242efbd1a5c5d09","2026-05-11T09:57:24Z"
"b3a191c4b2ca8a5ff3b69f0c17b99908e02409bf0b3d806f64eb169123e1a2b1","2026-05-11T09:57:25Z"
"9038342d831b70f12f5c5bbe5584ae40bee17af9d2c463137d434e84bac0c438","2026-05-11T09:57:25Z"
"1c9f140b8c0f4ce8e4f8e017735c7ab157ad9570927eb2c8f8ec3d4f573157ad","2026-05-11T09:57:37Z"
"6f55fe3dc816ad30fb2418644678fce5ce5648c633efe7c32d2ff2dbff4d88ac","2026-05-11T09:57:37Z"
"49d684fe3507c65eb74b55fe2be0990941ec8d6ee695b4d84cb79920e3c1d4d8","2026-05-11T09:57:37Z"
"a76119bf4705106bd548298db016bf6f34a0a50e7701a5dd5ec2bf9c37210de5","2026-05-11T09:57:38Z"
"816051cc94511c14ff82c7940e6b47222d0981b2107278af53dcb9f3e392e8f5","2026-05-11T09:57:38Z"
"628be6284376ef91cf3ed547163e85b6e338cfe6ee2414010a9747387eec69a6","2026-05-11T09:57:39Z"
"c6847ea4491114b9298dcdc41335f1a546a8443d452af504f5156e44b1c2f6d2","2026-05-11T09:57:39Z"
"01390f612efd43dad5956633cd77810f5b943caff27c57c3bfd6040cecc867fa","2026-05-11T09:57:40Z"
"eb80ab6f6dcd09d28cea399a600e1a98c885ddbd1aa541f0f138c6e2558828a8","2026-05-11T09:57:52Z"
"cc98b86620a66ef620a92e5abd6a6a16445bb8998be2375e71490a6b0a1e1753","2026-05-11T09:57:52Z"
"6b11b80dd96f8dc91a44883322347f564dd8e3901c3e5f27ac25237ade3cbddc","2026-05-11T09:57:52Z"
"4b11c45a269f18a485921a31ccc0639755aac3a90e77ac422ff2927d86b03792","2026-05-11T09:57:53Z"
"f7c0956da5a35b33b05fa327076208d606dcc1c788d1b780841fbe0cd2228c02","2026-05-11T09:57:53Z"
"83a879fe81685cc223f758a85e593f3bee025c7298e5c6c4c573b1fe6851cc93","2026-05-11T09:57:54Z"
"2a8a3fcde87c86869add8a9b7878c4984b9742363ff2bdb590469e631d9883eb","2026-05-11T09:57:54Z"
"9616ea433c05e43f820aee8aa54fe01998fd7db60fd226d9ebd10b949f63bfb3","2026-05-11T09:57:55Z"
"72693c5719c4d7d3ed32113b6c06e0164d8508b6de8c4ccda61a0684841a908f","2026-05-11T09:58:07Z"
"31f21d10bc9015e7530dd917fa43381c6d608d002dc5f6db624906fa5a54f1f1","2026-05-11T09:58:07Z"
"256d2edd555e963923e570c054c544ee49020a1544c380b0c2782a0038ac9005","2026-05-11T09:58:08Z"
"4e208398bba66d792038758ad6a73a7fb0d78bf206697a32d3cd2c8b5a24d69c","2026-05-11T09:58:08Z"
"7947383ba263e94eb7dc27003c432ae01383a12c51d1d1792e13eb9408d9b003","2026-05-11T09:58:08Z"
"c4cbd043190439e3c8c63abf308cfa589fedff761c13632552cc38b141b3bb2b","2026-05-11T09:58:09Z"
"a36a346e82421ed908b0c1c5f486b3ccc814cda75b3577d2bd2b3196497a7348","2026-05-11T09:58:09Z"
"fc98dea805bd520d9780a3093aaae07de3576fdcda5a2e0d389288717e3b59c7","2026-05-11T09:58:10Z"
"e8e3ee562ab1917f7ab12f7229d452aaef35c026acd80f55c9c6626ec9496a2a","2026-05-11T09:58:22Z"
"d8b6db4fb8ffca44ef4613f0989ae3150d0ac2a8e51ce62348c22408764b2d2b","2026-05-11T09:58:23Z"
"37bb5ac9dab008bbaaf229467af40e845fc48b5a069440853711fd301bc0d24e","2026-05-11T09:58:23Z"
"afcac10d4a610d5007821563f24f189de42fd2d3cd9e4f71f64b965ff9420ff3","2026-05-11T09:58:24Z"
"f58b0c06653f2c72afb852a3266f1b4e9be3dbdc2b860262088e2f1b00e63638","2026-05-11T09:58:24Z"
"890db733ac3f5e26ae321b04a489993424483e215791814a7b1b26f1828ebeb7","2026-05-11T09:58:25Z"
"a9c8cd78619ac587950fa0a675babd31c6e1a27e4189ae37f8b5e8626e35f865","2026-05-11T09:58:37Z"
"1100ed1404174eb6429b6f98b14bfb9dc558899376903c5cf91e71b6bc5544cd","2026-05-11T09:58:37Z"
"a4cfc0e400353111ede47f98983f21c19d2fd9e0546fdb9d8fe5fb61195d5c99","2026-05-11T09:58:38Z"
"9001668aa60df7e1e77081c1d5c3f89d4310c0a281824fbace224563041f88a5","2026-05-11T09:58:38Z"
"061318f6c33c25f2fe8e2edd9c7617a0593b6dfef4e52901556e7320722e23b9","2026-05-11T09:58:39Z"
"ee35c8c49b9d6ceca03667ccff34566b2e639ccaa88f1d7d5daf5e725cd0aac9","2026-05-11T09:58:39Z"
"45f753466f5aea7c1085e1d9cf94d60c385ce32749ab8731e11e550641e22b72","2026-05-11T09:58:39Z"
"2d6ef4e5fb7ccef3cbbc3dfeeca22d29653ad160b228f9545b495db084d8180e","2026-05-11T09:58:40Z"
"745e488394d6217a04dae32d8a724dd6fa06dd2927e991146d78a17515a5ab93","2026-05-11T09:58:52Z"
"b6042fbbdb14bbea6e939a98ed6d9c1118242b6bf97804edd61554bdcfa5a2ee","2026-05-11T09:58:52Z"
"9de4ddca9385f27dd4456c677689baba760db45ab689ea75645e18c3100ac80b","2026-05-11T09:58:53Z"
"380500bbedafe03f6c92a14a8941bac9cfe828bed9beeb2346108a07c91f9d18","2026-05-11T09:58:53Z"
"bf19f88183e1b5c7bed4f3849c83602b24e821297c2fe25a65f35cc1a94e37c0","2026-05-11T09:58:53Z"
"e08926f4657065b0bd1e1c30fa17dd1c4716c10217a20ceb38b58a9269b45752","2026-05-11T09:58:54Z"
"94c96ca79f610c5373346675847417cf20be6d3b6c6317575b78348833553e24","2026-05-11T09:58:54Z"
"8687d9f90498d961bdb5a2daf682e02662ffec7e9087cc7b573be9d853b141be","2026-05-11T09:58:55Z"
"9adfbebdc64ecebdea25c554b6967d3b1842d8717d6237ef59176223e51efb29","2026-05-11T09:59:07Z"
"b921ac23390fc47a5f5dd8616b64d86e4d614efc9aab61f48796fd1daecb60f6","2026-05-11T09:59:07Z"
"35b89eaad834d89be4517cc333ccd7292c2c394ac61d366cf05602e03b4c1a60","2026-05-11T09:59:08Z"
"c3fb8aaa1e4211cb171dc197d4ff40166e3765212f14e13096350472771db806","2026-05-11T09:59:08Z"
"75779777c09c1f0af878514b3607be3c850bbdb74eaa3fd606789e28e735c39b","2026-05-11T09:59:08Z"
"7a6dfdaeeac69bfd2e85384fc74b581b6a3df936282750324a7514155140c82f","2026-05-11T09:59:09Z"
"4f901d0b274f1789f4ca257012f10b4043bc2b592d4672d11c28d64c852f1901","2026-05-11T09:59:09Z"
"e205f81f04be14f1f8492e2f107ee21d2ea6a8aaf0d39db6cfd5a3b8ddad3f14","2026-05-11T09:59:10Z"
"ec18e8c807df750781601c7f3af45a62d1d9f483d12d73952ca1118e0afe5635","2026-05-11T09:59:22Z"
"79000969f760f6c89b3c3e546913670662b612a6ac5678e2a81141699fac8e5a","2026-05-11T09:59:22Z"
"c51ba6181e0f7c6442e161b6c6f2d6f9ab1a4e3b027eab49d16ee93031935e80","2026-05-11T09:59:23Z"
"9089bcd182159c4b80988ab65072803f9c2582289846874cb3c32cd9a21a6dcd","2026-05-11T09:59:23Z"
"9c84d8fa90e04b5810a089f02a728c7f647e64ced329fcfad7ac816933958c06","2026-05-11T09:59:23Z"
"f60414ae89f0bdcbf8f0f2ec7e1ab065b2561ffea939f00d02c3da3464d68104","2026-05-11T09:59:24Z"
"10eef4598ea38acb60a9c13aa2b098ab334fe11ea9f6c38c012b700c6b3a78eb","2026-05-11T09:59:24Z"
"908b1d8137f2fa4b33c8ad21c251c5cb2b1271374918311c1ae2372c86ff185b","2026-05-11T09:59:25Z"
"3c93a1c2850b9493b1886b70047d581facc343408061a441af4cd3b87caa2492","2026-05-11T09:59:37Z"
"14c635b55f84bfb5698917735a20441c3a3046a8fae753cf033530d0a345ad04","2026-05-11T09:59:37Z"
"7e59b9cc7a93b9dd975ad9647618162d33780882081209568fe85357416a4a01","2026-05-11T09:59:38Z"
"159a4bd3e5d4d96dfdf6e8dd26587c1a2bf07dda20ef0b2965d058b41f53e68d","2026-05-11T09:59:38Z"
"e1c2f1844eb9130d059bb63ffbbf73557146e0eff1c5a36c96fe14693a71f840","2026-05-11T09:59:38Z"
"a5bc9fa5038bad10b6a3e77de0bd294d54a21416dc9802bfc3909a18094b6639","2026-05-11T09:59:39Z"
"79fbac9922260c754ad369b36bfc733374baf4c29b7de7d88aea8c075e31109d","2026-05-11T09:59:39Z"
"1c5b487be1b3addd70857a54dc383dde0f37ad3c9a44b2d6b61a1daf4f3106ab","2026-05-11T09:59:40Z"
"7f01632a0e40809f4cc2cd632b77ff20b6e9812e72f9564ee4d4fde7bb2c70b0","2026-05-11T09:59:52Z"
"8491da0ce5672690ce7912767266816c37f5c1248059732fdc3b8e71890469f8","2026-05-11T09:59:53Z"
"5aada6cb7840d4a326f544563d3b65216012885a530b28a2e33f92c2e0dca7da","2026-05-11T09:59:53Z"
"be9bd10d3c7d40666f3d956d63a351a24257c312c3f4e16feeba834600ad8626","2026-05-11T09:59:53Z"
"2266618451a3219ed6109f31855a928de8fc6630a4be93d6b3e2c5138c98c0c2","2026-05-11T09:59:54Z"
"65fface384b2c7162f659c04f792dd2f9710d4027acf29e6267f4076f6809e2e","2026-05-11T09:59:54Z"
"e464ef278cd745194ca173c588e6d1a6c4844e68c68a6d725eeba292ec07a63b","2026-05-11T09:59:54Z"
"ca237c36032a3541e499207c00b1583e9c67d319b321accef42d6da13d198bde","2026-05-11T09:59:55Z"
"048cba677741dea025175c00d2c9258f543760dc4ff06da61e47060f3901dfd9","2026-05-11T10:00:07Z"
"7c40b92fc41ebeea046afbcdd94c929aec6ecc63639d0613ec8a53460f76e3bc","2026-05-11T10:00:07Z"
"c9ec5e0846fe9af13a07d5d419f4c9863ace92a722b230c30fd5331e1862f49f","2026-05-11T10:00:08Z"
"43b6774cce860073fc322cff2cb1ea9556447abddbe1e26f57f4635b50f056e6","2026-05-11T10:00:09Z"
"c48528ec576d24cf1aafe032a8c21343d10964b1eb98dab2068342c02b8abb12","2026-05-11T10:00:09Z"
"a4964e4dbe92cadc946556996455745920b471f110cfbbcd1a54d71f05538d9c","2026-05-11T10:00:09Z"
"4c3c7db5a591e5689d39b7435a1597e8737b9677db51ec9c55ac0353c0924920","2026-05-11T10:00:09Z"
"73e42ba6e6cbcc3391c377536c2b0eea12a970475cd71af6ec5f1e47ecef110f","2026-05-11T10:00:10Z"
"31c8133decd01baea8236905b8e396782a878cd4305b1e8e3dce35da21de1804","2026-05-11T10:00:22Z"
"a1981f50b760d1800718acdd3222d8eb0d8edec6bc756a37383a8644f5d500a0","2026-05-11T10:00:23Z"
"a387b3eeb68b8f3ea375c3582d2b56a6285166609d928c55b400e9c23e0b642a","2026-05-11T10:00:23Z"
"3e2d02f97281b879ff52f41a8b8e815ab2ddd89a21c50b682805703e66468c13","2026-05-11T10:00:23Z"
"7f271299f81f3ab15453bdbfa5fb44be246fb7d0798a807ef81064af799ca9c9","2026-05-11T10:00:24Z"
"7c6b8b103a20966d70f25c125324986ced128c04493401e9498f40b3efbdc636","2026-05-11T10:00:24Z"
"67b25d722c2a14fe9a70355742edd338f37c09f17eee220b8af46fefdc63e80b","2026-05-11T10:00:24Z"
"f76d74489640b0a02023d12901aaed3d2b90d120329db967cf1166db0e83caf4","2026-05-11T10:00:25Z"
"282c7fd32a1fd59e65da5085b740d5e9683bb4a063c8aa468ce18f7337cf52a6","2026-05-11T10:00:37Z"
"bf5ef5e117627df0ade3a1041afe91916810ca47e09ffc1083606aa81cbc4555","2026-05-11T10:00:38Z"
"51656554d126a1c5f98230e461e1266c3ccd8c2893cee2a22b423d03ccf342ef","2026-05-11T10:00:38Z"
"0da75115ff29cff60cbadba78cd41f48fe472722a6681946f95e6a813461394d","2026-05-11T10:00:38Z"
"06210a5abbe266eb845ab0ef4fe0e33cf38a5939ffd4e2c13b01f860fcc5eb0a","2026-05-11T10:00:39Z"
"0cedf53ebd94d17b6b47e405822a9bf903e700a992c500736982cbcfa74f1db5","2026-05-11T10:00:39Z"
"fbcd936d9502e6eb1d105e5c208b5c485670f4ba1a62dd5f9ce2074b9a11073a","2026-05-11T10:00:39Z"
"68e451400ff58c6c709d92294d6d0c2fdce44879c07dcbcefb284490060c7263","2026-05-11T10:00:40Z"
"df6d52bc677c28504d92e07ed01fadda1595d436a00c49ca5ac7b37ecb920554","2026-05-11T10:00:52Z"
"f31e961e8d20b1e1208421c954c54c3ac3f93a2dbc3ff75bd89d9d635a25ebad","2026-05-11T10:00:53Z"
"ac13fcea1e686a7a42cbabf3c7a5c6aa549c8f539a5c08399f0f74bba123650e","2026-05-11T10:00:53Z"
"dbf1cf28b1b2a57a32dcd1addcd638ba2dedf8b518e57b9c516ab357c0c389db","2026-05-11T10:00:53Z"
"81555ef29c81fba883783b85c7841df7470a865475d157db65ef70659fb5b485","2026-05-11T10:00:54Z"
"c7f036a15969640e9397f6c5e3043140d3d775df622de596b0f93bc690bb02ab","2026-05-11T10:00:54Z"
"d1c44737c3a23e1d2ae51b5ea48992bfc2c3e64d073e72d135c4b8753c8420f8","2026-05-11T10:00:54Z"
"cb59274fbcb6745e6a515044cd5d2adf2c850b2f8fb75a53e78f9bef9bdc9df6","2026-05-11T10:00:55Z"
"98060699abedd212a44ea3b11c62ff9feaadd42f080aeb59c0f93fe13d690e13","2026-05-11T10:01:07Z"
"d86f8240c589b023082da19b7b7eb70b8d3fcc2b246e1d1855fc6d5de03dc85f","2026-05-11T10:01:08Z"
"7e74656a1d00329937f57890cf2e8d048bf1436259c30819db0ad1169bcb7401","2026-05-11T10:01:08Z"
"fbdda05c29f8618b6abd478f0e537cd05baf934ae803c5df60f884e763da5bf9","2026-05-11T10:01:08Z"
"c601f435a08d0fd4e382f94acf9934d521f29874932b78e34bcba58c7858a566","2026-05-11T10:01:09Z"
"6e48609f8174af0ad3fb450336c19340248ee49c2cfaafd7179c83db075460e6","2026-05-11T10:01:09Z"
"657e99c632c5b7c2a15e0aae79669e23aebee320ef5d31ca6b20a507070e539d","2026-05-11T10:01:09Z"
"0a235daef5e8fd9e5907dda06753788e465a3cb47009e2cf222c7471b314949f","2026-05-11T10:01:10Z"
"a1089ccf4910143c2606527fa3df921010f5e2aca1b418b238dbb6f8bad5a42e","2026-05-11T10:01:22Z"
"9d2624e4485648eb79b3e8c9b17d76e6ca82c3ebc7e7e9f0f4fcb2a4a48b8bbe","2026-05-11T10:01:23Z"
"d22a913937b10c0fcbab4a50f4f240785f3e91ddad384597372de000abbac70c","2026-05-11T10:01:23Z"
"56288b687ec7a5b14fae478c22191bef7135ddca9b15cd23883d6254ddd9b7fd","2026-05-11T10:01:24Z"
"38596008861e4abc4700d2acc979b11c2c21bca7b1a896baba69ec315e729519","2026-05-11T10:01:24Z"
"6497c936d5257f1b3da8066a0fe8a1e6e79e1146687a62b7d7a8bcdde518dba3","2026-05-11T10:01:24Z"
"497371a2564e3b619e502118bc4fef84a22c1bb30dc9c5cd3bcfea17c6324743","2026-05-11T10:01:25Z"
"ea24fdbccebc676898877075ce86b7d90b8c610de1bf92c64261e16d3c01fbcc","2026-05-11T10:01:25Z"
"850f8534679a90140d0b0f0b7054e48138a4a9cbd9dfcedd396dcef8db76eddd","2026-05-11T10:01:37Z"
"af884c8f103ea7c323a7e4f277f29ebc0538cde5b150d3cd603bbbcd1c38641f","2026-05-11T10:01:38Z"
"ed9b392a04d9aa627b39c54f865d116bfc02deaa7c12c2bcb6f9794455b57035","2026-05-11T10:01:38Z"
"a80e6617714ffa7b3b5496b5b338e449c9a9fe571540448097f2a9b8d7ec9886","2026-05-11T10:01:38Z"
"23b29f08d55d3760da5931600f7b8cdb6150d9821da24dfa82c357c1dde568da","2026-05-11T10:01:39Z"
"c491150a83eee5000fd836c928ec7f882dca9609df5529e420ab6ff42076b3a3","2026-05-11T10:01:39Z"
"35ef4a83554c5256f79f45af24540ac72f14fdb1f1d7a23c4a109227066fa8a0","2026-05-11T10:01:40Z"
"859afd1a0e77be46a2e3dcbf9000bae685b721305c1e4be1c8f4ae87e4be1c69","2026-05-11T10:01:40Z"
"603eb2a6c141e65fe6dacc329be8661758be3fa9b556583cf81cf0927c46bb09","2026-05-11T10:01:52Z"
"aacecebedc884cf66b2e3fc7e0033bd2106f428cb1ce7d4f6b104492ab6876da","2026-05-11T10:01:53Z"
"71e35829226f1d556520c0eac6358e9f3bed82eea2bcfbcb215fd1e929a64207","2026-05-11T10:01:53Z"
"7518eb669dce4b50d83ba8d46e78b23aa5152855a98ab2a4a57dc6ecdd4b7ce0","2026-05-11T10:01:53Z"
"0889309e4b0c2e0b8a431409f8a2842cc94e96bcc866757b6915f7727dd9c194","2026-05-11T10:01:54Z"
"80d46a5b216dfb7ad556072091924fdad64c3618cffba2953c7437e66c3eba54","2026-05-11T10:01:54Z"
"a6e86d10eb39fc2c7f7378cfc0197a545a4c613eb88e791c9e3769ec9f00c680","2026-05-11T10:01:55Z"
"36b6e14ebaa8b8cd3db941d93a08ced283118804607657dfb1a09d6c58579b1c","2026-05-11T10:01:55Z"
"c13faf18574f48cf880c2cb2440e82d512e37c43950af6e984afe54586b2509c","2026-05-11T10:02:07Z"
"bc16738b3a73661a9aae4e040fb0e7de859a50b28e18b9abaf14a852277fe59d","2026-05-11T10:02:08Z"
"21a8c375509bc0c6014e02edc18706de22a0e300e447de42ef07a812ba97166a","2026-05-11T10:02:08Z"
"1bc2088f904c5ae86d1f861f73e7f2f294854a19c5b85b15a246240bea7dcc82","2026-05-11T10:02:08Z"
"817140b33a63fb1ab0d7af660a23af8d51192e533b72df432fa8a01290e8bdb8","2026-05-11T10:02:09Z"
"6cf35b53630e47d614d8ef0f709e1ea50d41367116cc86a815932fb1afbed677","2026-05-11T10:02:09Z"
"cf8ae887f9707487cdd60bb79ea5f8535b40e5abb0ce34115a38e18239062580","2026-05-11T10:02:10Z"
"b89563400368fe05c6b92b97a323424b37bde9b70534dac1dd16a5ccbf5a74c2","2026-05-11T10:02:10Z"
"3a3cf59d5b4be629223b8e38221c2ba17b02678c65c57b2acb53169614800ed9","2026-05-11T10:02:22Z"
"68cbf58faa3aa1b898f7d147a8a8ea3a7d20892e28a9098a6f11bba33e7fec5f","2026-05-11T10:02:23Z"
"5f7ba7f293e78e208198ae2127213ed6ee1fffd9585a0b847d535ad9d09c2535","2026-05-11T10:02:23Z"
"afb2431b19ad371e9c47eb27ceacd44b4b349dcfb079f9b713deb923d0c7aa83","2026-05-11T10:02:24Z"
"ae7642c0134dc18737f905148ab7b1175a5295690bf7ba9d762516f111d42384","2026-05-11T10:02:24Z"
"9032a73e18a1c3b3b599f9caac184ae8da1e38d704c66264335c842d77e30edb","2026-05-11T10:02:24Z"
"06c25b9236c7ccdf81912c105db85c6e5b60584fd326fe9f14af9ec3dd187313","2026-05-11T10:02:25Z"
"c3f41892625daee67af7d71bfabc3c1ee70b7bd92d9fc79b2d4747ec4e80fc11","2026-05-11T10:02:25Z"
"ced08e34ec10a864f59001deeba154f8a4cb96957b79b06340a3cc4fa3c37b65","2026-05-11T10:02:37Z"
"d327514085fdbeb4932f0381043e002e5ba3086f6efaecf94b2d70685214e401","2026-05-11T10:02:38Z"
"b36dafcb718b8ef3af1a32c4b2028f3475d5ade08960ec1aa80853dd4bf93b56","2026-05-11T10:02:39Z"
"9ae3a73b47e81829fcbc733af471d7b16c3592e8cefd87377eae111660e5ab76","2026-05-11T10:02:39Z"
"8ef51e79222cf7f5ddbb8c906f968ac17d908f41bd51b4e013982fe6cee8d2f1","2026-05-11T10:02:39Z"
"64fee7a0e11778695cf56e01b374da1bb9bfe231b9ec48285d2059b45eac38a3","2026-05-11T10:02:39Z"
"c70a2eb9af5ac9a82722dc3a1c429e5175a419d6c5564984ad6ac062fc534c6a","2026-05-11T10:02:40Z"
"b44396f042fef8b11ab3dd45744765f1d4a61ad13ca65a8c2b3368d0723feadc","2026-05-11T10:02:40Z"
"093a5d6b5a9e050ffa6a443859dd76a83ef18b41c6a35716f33b1a64cb81acbd","2026-05-11T10:02:52Z"
"e880f9b30e8a30119ae0b395f1ddaae457465309dd6b036ab1aeca69eba53ffd","2026-05-11T10:02:53Z"
"0e872e95ca11425fd2d73e16c49a042ba6c478aaa711af0ca6b0ada95c50a6af","2026-05-11T10:02:53Z"
"b138611101bea7a02343a382ea12fd95641db941e489da0e5072dbbb1785aacd","2026-05-11T10:02:54Z"
"4b7d5da9a6125fb982346ef154f0ff8f8ed2acfdaae7e89afcf9d14ff16d5628","2026-05-11T10:02:54Z"
"91c0c548ea7658a4613cf3856c04ae85123ebabe230c121e41f59ac8891b4a90","2026-05-11T10:02:55Z"
"75eb81e8f252e940e683a2bc86c7f04b7084991cc6a24392ab6a33d2d1b98526","2026-05-11T10:02:55Z"
"9bc8859649d66f22cd58bf19c10b71e951d7f2662a728f47389291f612cddc0d","2026-05-11T10:02:55Z"
"1462be42a270923f2fb2f39246b8da5882b1966c902873f46154487b6f5a33ad","2026-05-11T10:03:07Z"
"0abddf67d570f0ea85bfba008626843ee8b30f060ec6ca1b3c8615c1c8bb0196","2026-05-11T10:03:08Z"
"af89b01761eb831196bdae89a5b0e6fa4620d6a7130dda327113b1522aabd312","2026-05-11T10:03:08Z"
"38d977521fa1ddbef3bceae889d72771a3c476b02988b7e1da98da42d752686f","2026-05-11T10:03:09Z"
"56146b8a3443e22273850187b230be244c5cfdef51dda0c612a4f797e95c2f00","2026-05-11T10:03:09Z"
"76aef4d0f62a9cba74e3d992866abffd63747935201ffe3be66998ea37779e50","2026-05-11T10:03:10Z"
"5f493770707ed97ce74fb3b67164702968425484a22135664c4b989ce5029082","2026-05-11T10:03:10Z"
"b09388a7f6161bd3c54106785d73a9c09573cc90f542caab5323741a60639a99","2026-05-11T10:03:10Z"
"45730a2d83e1984d58722f925ae33bff2633d4d41d42de4188f89f8c585905fb","2026-05-11T10:03:22Z"
"ad4e2e1619651c2b60ce27d35afc47825084aa5c589ecbf84d72c099947ffcad","2026-05-11T10:03:23Z"
"ab2a1575ec82e66f079ee14da3df8712c26255d50056ca2a14c13212e3f4f842","2026-05-11T10:03:23Z"
"e581194eeebe51f8d736596028051f1ef711c5ec249a66e8ae274e28166460f6","2026-05-11T10:03:24Z"
"a0eb924272d54fcc3c03fd5917d27d91884a6dac1e6722719537666e34555119","2026-05-11T10:03:24Z"
"aef4f8b418e9c3a4e7d7e4f0293272bee5a3ddacb87015e32e73ad9a205e8c5c","2026-05-11T10:03:25Z"
"159b5c58539a50979145bb830c6c0f8c1909c019204272a53f2cfc0fa8cd5165","2026-05-11T10:03:25Z"
"1e5948ad38ecbd32ad03fbf585a32e183457289ad8d624662d25820dcf21e1af","2026-05-11T10:03:26Z"
"8073073a6b319054073e24c4b596c306006ae58ae392d9922796a285fea357b9","2026-05-11T10:03:38Z"
"9bb095e7347f3d90f961f6437452df53e34793a680e389b44897571e9b6da876","2026-05-11T10:03:38Z"
"79734d71b38ba27eb8a76e47749222c62e7b7b7094037493632498819fd5ed2d","2026-05-11T10:03:39Z"
"49e7b67b490000afad8904030694099c31a6c19bbf0c6e4a25a8d6a97f02a7f3","2026-05-11T10:03:39Z"
"9e285b330184d91070e6802d178af4a82e675ce8cd0cd2e5446170e5bb33e678","2026-05-11T10:03:39Z"
"603f192bc1004f18936de9cfb591ddf785a7dbc3c341cdfef7cc22604bcb8661","2026-05-11T10:03:40Z"
"be5ef95b693f0b7cb112a61c4f43aee4e9604cd6de3a15c50c40d4172ffd2dc0","2026-05-11T10:03:40Z"
"eb98ce5f874b1e805440aa1e1bc0f1772bd014ad4b17f6ba9a763f986cf87fad","2026-05-11T10:03:40Z"
"4baf5a0fa98783f18ccf87f4c0e39be997016a31f3fe02854820684372ef3a1f","2026-05-11T10:03:52Z"
"67745ef690092bbb07a7933dcc7fdab6b5ed451614063f3ab770d9e70bbebcdf","2026-05-11T10:03:53Z"
"5b0c59985e8db8c8e997e488ebfb40ea99aaaa221ee8d5e1bd33c4a87a4b94a2","2026-05-11T10:03:54Z"
"1c9bf9ff08aa7ca93f81987346e81f97b448d1cd2959d500748ad02efae3ecbb","2026-05-11T10:03:54Z"
"0f92481aef2682596abcd0a919c8d47b6c47c04743e95fbb3f5353c43b30f451","2026-05-11T10:03:54Z"
"841cdf057732053c0b338a851ad1822be00808a94d17d8094dfa6f23aaf4fd5d","2026-05-11T10:03:55Z"
"459ed32cd4b9d33c2b3de0e6934c4cf3c1bd84e6b448bb0cdb7dbd184a015d01","2026-05-11T10:03:55Z"
"bc8c654de72dca462b4b8f9ec3cf0bf1e7473f2d168defab1d126cbd09c15649","2026-05-11T10:03:55Z"
"a663b5bf351fac73f77ebd501b4931e2f4bc92eeb574a45f9c9cfe9ce1bd2cff","2026-05-11T10:04:07Z"
"e61f0feef51fd88b133efbaf194d2ffb5e4eae201c2e0864f7aed5bf8024d434","2026-05-11T10:04:08Z"
"e5a8ebb5f7c600f52ffffab06d1d1dfc6d81158d27f5c050dfe078ba9251c175","2026-05-11T10:04:09Z"
"88a2c80ffb980fa9a7923aedbf66ce89f64a7b64a4a9cf6243b849b2e7d237ea","2026-05-11T10:04:09Z"
"ecbadcf0806f3f281d33e10fc66a6d7680882b9517552dbfffef7b43c24a4249","2026-05-11T10:04:09Z"
"1f5a9a3153fce11ddd6b0be5cb4e3fa0f62add2c92c6b8c6db81d6ea3d5b4260","2026-05-11T10:04:10Z"
"ea78e4e242d926e498524cd1cec53ec51e11e782fab1be7a2a976fb3cc6d246a","2026-05-11T10:04:10Z"
"a60c4b380a5a950ea9b8225ce32fabb5256c7f5aebae559189ec1789dbcea7bb","2026-05-11T10:04:10Z"
"66bfe0c8d84dab119e1d925d6d699da4ebbf04efae6cefff4ce65788f3091c34","2026-05-11T10:04:22Z"
"e58f57ac134b83423bfd441002395a51272b3201dc6b12bf24cb33f11f761bda","2026-05-11T10:04:24Z"
"6521bbe73f1d81a600b233615c0fe4fc83f4ac93bb0005c4abace80b2336eec8","2026-05-11T10:04:24Z"
"f243b65e86c6a6edbf52d5c0f046ca77bc77b5eb03bf1f067558924607a13eeb","2026-05-11T10:04:24Z"
"f86569143c5736eb6b55cb3f79c4c1e0d2d8876abd13ca85021f4937b328a8eb","2026-05-11T10:04:24Z"
"328b6e8ef268a9d2eb2e85402539bb98b47fe88a4aee0a74cb24d18ef299e3a7","2026-05-11T10:04:25Z"
"bc1e91140efc5ac860b6eee0488bf76f813cd94828000f5e9f1c4005b0f26679","2026-05-11T10:04:25Z"
"aa27e2dfb77ae8e3beb1a4340d8713b92093016f3a315d28795e6c04e22f3b99","2026-05-11T10:04:25Z"
"8d158fb076556b400045d6954c61d031aad9b656d0789f54454dc18884516ace","2026-05-11T10:04:37Z"
"6949c310ab71cae5cd54a76b381818f3946af55a07978e8090987bd3773d7a1d","2026-05-11T10:04:38Z"
"443476f7e4365a394bbffe1a2043060d1a439655c03c31045f6a157b22279058","2026-05-11T10:04:39Z"
"2a349a81b36ed3705a396b18989faa637082b4c341c3241df511ab816d940be8","2026-05-11T10:04:39Z"
"336a0ecd151fd764c01851324382a65052d110dc0467db1847b4564a62b3cc92","2026-05-11T10:04:40Z"
"ca598d6e9ba9f821e8e44bc093e08ab2514ceee0d7f62d784449f02339ad3d84","2026-05-11T10:04:40Z"
"a4dd2d8391c5027aca8fcee73d4b79f90e8292901954c19ed8b6c46e3de65b08","2026-05-11T10:04:40Z"
"809203c377e5cd5de1f00738d77aeba27e400f779316d21f92203350a885a872","2026-05-11T10:04:40Z"
"aece768755e6f01b95b43ad19f3f76306be5b4aed8b3fd2e1050f0e9147c5acf","2026-05-11T10:04:52Z"
"c53f8bbb9285408de02b41c6ff91e4213d1e3978f0f9ebe0e52c6af58782b737","2026-05-11T10:04:53Z"
"c45cb13f26d3f6a2b4952e4c4a98beaae8724f419f2d126b2f5c964a4159af05","2026-05-11T10:04:54Z"
"88caac737420b889178e6fb85ca36700ac8ae2ff65b0b866669b3da3697ac83e","2026-05-11T10:04:54Z"
"d030be93a8f96a3c0585b333c6a7d0ef0da5d653ca4d1754e9570cb96d9fb52e","2026-05-11T10:04:55Z"
"1135116f84f114373e521b0b8bb110157fc79fc2a1ce7ac06535a2a87c346970","2026-05-11T10:04:55Z"
"4c03891baacc4560cb8577f8b198e0b705f830f282ea31303344816a3aba217e","2026-05-11T10:04:56Z"
"16ad9eabbb5acd7c48bb18b5c84819d0e7003c6b4ee23f63cdb8aa140ed2b4cc","2026-05-11T10:04:56Z"
"4975ee935620fea2cdba8de8cde8768343e2fa1455bdd02264b74dd789793016","2026-05-11T10:05:07Z"
"bfe39094b7014f8cbf1d12f793091a17587c98c6b32f6f4c458adac16ce7eb96","2026-05-11T10:05:09Z"
"3f3cc3d840af71c51bdf1e3fe97f61c4e5461384ec2749d4e0649b0905b393d8","2026-05-11T10:05:09Z"
"515dc50b1793b10cf2dfd6efd8f48f8ff02f2d0c02d754f78e34b114ffd2a6f7","2026-05-11T10:05:09Z"
"747d68cec22eb016505f02c84ca2876f63016c4f89baaedd805d42c4ff5f9432","2026-05-11T10:05:10Z"
"85ec28faea2057bb1231500688d7ec52b1294f314d4e2e1157411a3eed1292d6","2026-05-11T10:05:10Z"
"d285839dd4751f59d2b157788217289998c17dfc0d00c4d6cdc5abe92439c65b","2026-05-11T10:05:10Z"
"2358ce0824b586c92b961c46aa422aac58b2ce70fb7550df8ed5b4ead0e07398","2026-05-11T10:05:11Z"
"9bcd76eea313fabd11c0267f717cc04d4432d62f67932d97898d51b6702723d1","2026-05-11T10:05:22Z"
"ec7637933680d8805b28faae31b70a2efe78fb9b144849616995cf13338f3f82","2026-05-11T10:05:24Z"
"f60855125dd9da49303705a1728514c2de24cae16546b6ca8bfaa76be217041d","2026-05-11T10:05:24Z"
"4a4d9920e52b382e9339f07067ce6de50fe27ff6ae9e7853a629605bafb750b6","2026-05-11T10:05:24Z"
"ffa35d1715319231127b2f38c9d72cfbe215a49c185914f09ca23e3a71a63fd4","2026-05-11T10:05:25Z"
"6a5f1298022e3b55cf62ddf761843b87c14734a020baef592ba878ddbcfab54b","2026-05-11T10:05:25Z"
"9ce59d048057b1fadca44591c8046d3e7c283af44157144c0a95f895537dadf2","2026-05-11T10:05:25Z"
"f8f7f28bbefcf3e735ce9ee532467fc7d356d202dd58ec0340945579fa00af55","2026-05-11T10:05:26Z"
"51764d9a31531c41ff6664c5d8bc1d881478988292b5fe553c48d86ce4037977","2026-05-11T10:05:37Z"
"11614e2e491c476d2bdfcb84cabeb6c436004dd8ac77b32454fce0ea37057cb9","2026-05-11T10:05:38Z"
"4e438af945533d66d55f09ba74dec14e33d7933d52199474ac0356ea7033f0c0","2026-05-11T10:05:39Z"
"325ce8b70bcbacaa01f393622f972db9928e9e6300f5f1f8f9eca96ea4c71354","2026-05-11T10:05:39Z"
"05919e456e2e39fca57c90553c4e66c767d63c91d48c4b622f7bf7ad6200b3d6","2026-05-11T10:05:40Z"
"d5fded02ddb3a6fca109f232fa3efc0ad092c24ef41bcc7e1af78c51c57afc0d","2026-05-11T10:05:40Z"
"ed68583da64f730eb9e9a25c8f425ce7bf997745623a19c5bad2f39784f0e278","2026-05-11T10:05:40Z"
"421ca7aa91892d66aee1142226588a20e93bac6cffd20073136f90e69593d65d","2026-05-11T10:05:41Z"
"6ad0c5c3f211b4b96f1bdccd89ab1a29060c296e74c46f650ff5571765ccaee6","2026-05-11T10:05:52Z"
"bfae2e12f2075dce8fc1e6f1d589a1a6c209d8729d14a7f52495b8ce84356de7","2026-05-11T10:05:53Z"
"dfac4d7cd24815b96f884d6b13ba6ac1d585ae84f7aa3c48c48472657d249f53","2026-05-11T10:05:55Z"
"9d642fe55cf2667a3c2bcf19f78ee963f15750528a406d90e91f6508e5e80da7","2026-05-11T10:05:56Z"
"a599bdd0d1fdef6b5955e64a023dbcf417f7ad6dadfa7dffea00b222d81b536c","2026-05-11T10:05:56Z"
"98bf970a9c51601a9152eefad1ec18f75110f0c10f92199d33fcf18a692b061c","2026-05-11T10:05:56Z"
"5f8cf2ddcb2afbe94de84d137c6bad7cf7a39a2a3c3beb0c2bb14c9329a992fd","2026-05-11T10:05:56Z"
"8c3dfcacfc84e7d820f2ec7935963a999b21817ba2f8237fa5bfe2a7ddd84b86","2026-05-11T10:05:57Z"
"d108c4bcbdacb3318360635f614a3425c8fb7f13eca5d3f9d055e5f14d6f38ef","2026-05-11T10:06:07Z"
"226e6b26b89253db77c39bf43413b2a28b03ba06412f47c913821fa7f2fa066b","2026-05-11T10:06:08Z"
"70cf950d672e5e65439a46a3ed7dbc67b9a743ebb0210f41239873cc1b974f26","2026-05-11T10:06:09Z"
"1e437acd94c979782e1370766feb26ac75052cc077ae110c7376623bd2d144d1","2026-05-11T10:06:11Z"
"56c7ea41717cc38bfa67fac95eb6fa7e56c81102733b79529ffa28dac7205a76","2026-05-11T10:06:11Z"
"f53ec2c83674bb36d94d8bc0449c8634ecdef547fac74df90e76df791c6f4233","2026-05-11T10:06:11Z"
"74f058e1bc4afe717b7f5dc584735904473d1aac8def36eaf2196f4ed5e419c3","2026-05-11T10:06:11Z"
"f838f0558e3643bb00fe42ce54e866d7e2b10ed69dcb77d5e79d0c1c678bf58d","2026-05-11T10:06:12Z"
"a8e7c9a9d5bc12d4da50158512f1d40a98b7bc0977b5cdd6bd1eac0cb1c52622","2026-05-11T10:06:22Z"
"0ba35c35d3694c79877372d7757221034eb41c9b4ec1a168829795a4f4ac6e0b","2026-05-11T10:06:24Z"
"98e8db727d59617ed273cb4f9b9b53f2695ef9d3ac6eea410d066a1ff807887c","2026-05-11T10:06:25Z"
"089a596ce62f93da81d26a214e35b53cc70ecf316332549f8458b767f78d7de4","2026-05-11T10:06:26Z"
"be3120f66bdfc1bc8b8cb640b022431b70da135e95c65b66b320f581ff1b01f1","2026-05-11T10:06:26Z"
"79eda69d28955a0d3d02ae5ef4f53cf98f5e7663d7e08ac0a3923044602197bd","2026-05-11T10:06:26Z"
"b7f6a2e172a96cb1a14b93d3175f6c2921ace28b7c8d193e5d7835ae03bb072b","2026-05-11T10:06:27Z"
"a517d8c3d4b4ebea40a881a9365971d8f600693a0895df02784340fcedf7a38a","2026-05-11T10:06:27Z"
"dff92ca015f1805868b1df79bafedf9995baa7f783c273870a80e2e59a3a559a","2026-05-11T10:06:37Z"
"ddd4267bdba5fe690efbd57dd3b1b2557f5938d0baec77b888fed51f5e20a377","2026-05-11T10:06:39Z"
"58feb327acd83340de39c8c8c2a61394cacec9e8bf2ebd780f3764f463fde48e","2026-05-11T10:06:40Z"
"ca18a194e1eb39c224b87d82dac2dec1e150e069b705ae92d3b9ff9222106471","2026-05-11T10:06:41Z"
"076fda667926a9785f72f8f63b027e1877283f53f5c7233cdf5567175f8839f2","2026-05-11T10:06:41Z"
"475ba1226b981ea31a8be28fc97016116988d1c5cb9794d2a537c5ace98528e0","2026-05-11T10:06:41Z"
"34dca153cb6af993d51c1e800757cd49e44df1fa773fa0b5e902edd4c2ed8ba5","2026-05-11T10:06:42Z"
"9a4dab4c4a38ae3aeb39d68cf8469481b3a995a54d7da7945ccf54a22c2d3760","2026-05-11T10:06:42Z"
"aeccaf07c5b9f133a62cc379b6a0d1bea23d0d320f50c2b7fed8c9ce44a04b61","2026-05-11T10:06:52Z"
"c82fbc58606fc51e3af5ef06a8733606fa7517f17b9bb925c9cf2674eefb2224","2026-05-11T10:06:54Z"
"f5f8603a51f956a6d8505178be94de0b7d6868dfd1d3f3a6277effe561c9f6cd","2026-05-11T10:06:55Z"
"b1adc42a83e5ddc47d6b67c4817a39a4310c5a613c1c10e60c009de107441ead","2026-05-11T10:06:56Z"
"cf706b9af1cc8a4a80059071805d1637bfb503d454b9635a519936d3ba92f2b7","2026-05-11T10:06:56Z"
"e21820c8df53a9e77e6d4c9c2170b246183f3ee3498eec4e3ebdd9dcff82d2c4","2026-05-11T10:06:57Z"
"5db5a7208311342fa486ec80c56541f576586ea7893f4187c66e9aef78744e64","2026-05-11T10:06:57Z"
"64907543de277ee309a1ec64696061e8fde935fa222c01adfa1aad43a62e5789","2026-05-11T10:06:57Z"
"5972c256df6ea71fd8cc236974e1e863c86523f2874a89909330939e5b5880c1","2026-05-11T10:07:07Z"
"20d278003b80f158a34ce687fcd8de0138ea294d63b4b0e4cf23b2740811ccc3","2026-05-11T10:07:09Z"
"023875b6a17998ee5fb45074c6fdeb1276bc6c809702cfdce948c68acf0ac1af","2026-05-11T10:07:10Z"
"e9b7da40fc293ec15d88a0a0f1033bcab966ebb0044c646e8cfd6b3e05a04a53","2026-05-11T10:07:11Z"
"79eeb1643352988f15496faaaf511780be0eeac7d34db4435111c931d9ec3e4b","2026-05-11T10:07:11Z"
"78ac5af5c498383343a6544dd26a54b88bfda52867f97db4e63aaed6ede54ce7","2026-05-11T10:07:12Z"
"c60d9b4fe2282db852ae9b9e10aba339815da7d306274dbde169ec4761ced37f","2026-05-11T10:07:12Z"
"9920bda770d6bb26935eb62d735ef19c87a7b363b405297e7cfff7be2af830ba","2026-05-11T10:07:13Z"
"e04626f79a9fc7bd1b03b9843ddc3be18c868e54c839ce70a7fa34bcfedd7239","2026-05-11T10:07:22Z"
"5bb24fa6b400a03605bfc673bc889ffb505434222eb736eb21a27361e725707f","2026-05-11T10:07:24Z"
"c09a8ed825dfeb2647c73e77244fac296aaaf77b10f7a8cf81dea596bfada640","2026-05-11T10:07:25Z"
"a9a3ee927c1386fd32d8e7cd96bc2db2bc565904682279b3007621c0ca960ed2","2026-05-11T10:07:26Z"
"079cf19c56bedb179d688fb993e89b86144f623b8d37f34df213edcc56d9c06a","2026-05-11T10:07:26Z"
"dc42f47a3343ea0d15ab7ac8d93a9796bbd48434da8c5d93e70c9790f1f77b09","2026-05-11T10:07:27Z"
"90a3987e6236cfd3fe9153501a14c010d01a52c4b35edf268afc9ef73b8d4e66","2026-05-11T10:07:27Z"
"f55e4fb2a033fb5ccaed6e14579dc0b7a396da51b817477247270c6b2593d2d7","2026-05-11T10:07:28Z"
"dbc2f4c92ab1f852c6e9a2794d083d96c6d6579c93569e914b332ee1e0c37ed8","2026-05-11T10:07:37Z"
"266c7a6adfe6c6f7458a71fe747d7880c3e6fae2489955ec7154cc6a8bbd1d4d","2026-05-11T10:07:39Z"
"50a046180c79edf43731978ad9ed5e2f5525fc10cb83be061fd2445aa3c429b3","2026-05-11T10:07:40Z"
"95f357169b863fe5a65f312825c4bc534226ea5505ee13a5edae1d8841e276ab","2026-05-11T10:07:41Z"
"09803528b88f8d2193d89185a07be0057b5a3849c2de0588f1e973da6150f985","2026-05-11T10:07:41Z"
"b5e572230056d6364c18c83ca2d18937cf0b5fd09b29d6c54a6a3bca09bbb04e","2026-05-11T10:07:42Z"
"888a1e917e446060bb45cb47c613549bc8faeabb90de1bad55474f262360cc0d","2026-05-11T10:07:42Z"
"883753d15d05c0ebcd3650471782d8982a0a837f1da1df71b82133b361ab70da","2026-05-11T10:07:43Z"
"eea9144bf38d25a1af7cdbc61a02f3c0111facf0f30249cba3e2cbc4fb7cb972","2026-05-11T10:07:52Z"
"e39c98e3c0a26ca976729720f42679afae0d7c5523989b52e41d2c9ffbe6c3e7","2026-05-11T10:07:54Z"
"b46495a6bea76ca96ce6ba4f0eb7833070692d991bfcd2f6d23f42b11e3b8d39","2026-05-11T10:07:55Z"
"090716ecfd161c8df7298585fd0b492b9be3307956e8b9ae1cfc21fa893bdf7d","2026-05-11T10:07:56Z"
"cd83fc1b349f322b495d9a1b3f448c3fe3eef741c1756b39df14a04f7fe593cd","2026-05-11T10:07:56Z"
"e13193330c780536f7f20c87864bf2a4e3210905a86add27fe55c6cea07d9f56","2026-05-11T10:07:57Z"
"55c79ef28819d56d8d212dad683daae472e81e840da252294cd22eae42743c5a","2026-05-11T10:07:57Z"
"78993d738af7891cf250d036867ff1e18329782e21ecdf19deb246324fc1a224","2026-05-11T10:07:58Z"
"2e5a8be57cfea8c0d108d73acdfdc29af587a728b538860ee72246f9c86cf03a","2026-05-11T10:08:07Z"
"b915d21bd928ae42699e16f5afd04b610d1a5104a2008cd6c0ccbedf9f122380","2026-05-11T10:08:09Z"
"9f06b9e38754f536ead0f7a0c0011cc2ea246dbcf73ac9b7782cb681a743aa4c","2026-05-11T10:08:10Z"
"c253bd378e35e1fae253e016b4e8fae9f7c27d5d549df80647675669ec901e24","2026-05-11T10:08:11Z"
"4f35ae4e629324903818db61cc2e3119da112de118f5b72ab6cbc96b1962979d","2026-05-11T10:08:11Z"
"2546b8723595c85da66334d72989a4fdb023bcc8d3999f1333d5a59b80a81631","2026-05-11T10:08:12Z"
"7aa77ade4fe440cf411955053f54db84e7525ac49915ec563d34e215a079c8aa","2026-05-11T10:08:12Z"
"0bbc07ffb2d6a9e2fede3ae7a33bd2cba7116622e8e41630af31b9abf836b5ba","2026-05-11T10:08:13Z"
"ab45e86430330b3356ca82d2bf9f23a861c10e9f9e6131c2e01ec5b20c7b0876","2026-05-11T10:08:22Z"
"0df02040bd0dc7dc06ec9ff1c764d770b68e78aff917154273e60e7f56af205b","2026-05-11T10:08:24Z"
"ee67bac9a5849dadb487842ef62f168f43646f314f23c24d9eaff690bb705db6","2026-05-11T10:08:25Z"
"22d1128d17242ba5f6ddac36b4d8819f127d86f606d4ed68c0b8a88e1343668b","2026-05-11T10:08:26Z"
"a334559c2037c944f0bfb3ff2dfdcddb958f02bb8cdbfb232507aa944023ff38","2026-05-11T10:08:26Z"
"5d3c5ec736a67918b9152c93b3990c6eac6937adc0a002071268f91038413ccb","2026-05-11T10:08:27Z"
"e930b85e308d259c43f3058fcc9871e722d143a26f8ac9b151a8eb3be7b9a479","2026-05-11T10:08:27Z"
"657dfb212d456370a90e757df96ecdc03db8b677fe6840abc7bd655c7555f87f","2026-05-11T10:08:28Z"
"568f1a86d70310c8284c4d4c7dd8462b8ad31c535dcc08bb381a96ba7b1e0a18","2026-05-11T10:08:37Z"
"2f3a63cb5c453e21133330a79c7ebfb506d1924b470a08319d4233cf4f069685","2026-05-11T10:08:39Z"
"f69d7128014db4d3e8c8314c08cbae631ae9c3a4a6d374da58213afe1e3ed2bf","2026-05-11T10:08:40Z"
"37cd0d91f7f17d0e996d3b915903d66eb14b765fbf646333a2094d8a1fdefce3","2026-05-11T10:08:41Z"
"40c95f9036220f35ab34af2e735a408ed64f2f1d818dfc41f105d9e1a228a554","2026-05-11T10:08:42Z"
"1cc86bf859504095763981809e6efae4ecd94b90945044540407c987b1de31d5","2026-05-11T10:08:42Z"
"150439eee2801fc76d3a0a3208746880727f03a3e7e8eb1201e1648b94e2d08d","2026-05-11T10:08:42Z"
"92b25f2916d564ef138974c232ab224bfa436d6745bd4722f67931585bb7777a","2026-05-11T10:08:43Z"
"111459d793b24698d34211f630f51957c59794f5f33cd9fa6997b97c501a1551","2026-05-11T10:08:52Z"
"92838070690015cbd9c9f454a986fa5cdbe4df83f439f899625c182b0742a3fb","2026-05-11T10:08:54Z"
"44185bc4636ae965f88afaf71f86651ea5f31965b1df2139c058243761a264bb","2026-05-11T10:08:55Z"
"98d4d3a0c1216ca3c2dfebe9f05ce4ee6653643de9a3dd1886147fb5830a2e65","2026-05-11T10:08:56Z"
"636fdecd6ed84b6eb39421554ec7b0252360b73ce3304970d19704b4ba28f368","2026-05-11T10:08:56Z"
"c121ef719d11f897f5ae1781c5df39722bcde5092f7a472214ae88dc62694218","2026-05-11T10:08:57Z"
"d7d56016ad7a20cd4b555d3fc80895572711bdd4af783f6beacc5d839576ccf2","2026-05-11T10:08:57Z"
"3156ff7e8760c924aba7b882fdbbdb50cab528c54d92505da61c28ed8190d85b","2026-05-11T10:08:58Z"
"05882de187099ea5bb80b07bc757f951565b8141d50309c3ea4f668a58092b69","2026-05-11T10:09:07Z"
"43cf712334a4706bb28a452d71acb358f059273c932731ba824df0c95d74ea26","2026-05-11T10:09:09Z"
"b846bc6fc4e567f098d94c58f27fb66396852e159e386cb73884f54a9c6c5891","2026-05-11T10:09:10Z"
"8b70c7f47e3e3f45c16aefa7a11603edab8ae3322879145709badbd60f0ab4da","2026-05-11T10:09:11Z"
"93d6910cc23973d65b85dda349fee50835058d4fa20aa441894c4091bdebe9f6","2026-05-11T10:09:11Z"
"26f357d380d730d663f5152d0e1e33ac58a34082acf8b528262a41e512a94c25","2026-05-11T10:09:12Z"
"b46f934557de963314ff98eaad47a37e47b2c8fc4c2b1e61e04ced1593b8fdbf","2026-05-11T10:09:12Z"
"3ce55ddf37ac42b44798a54881b346a090b3d9f27052a5045e10f2ad40df225c","2026-05-11T10:09:13Z"
"d13e59ec13d629fbe0d922e5e36047e2ffb550aa0b0994930bf2a2688f9eebb8","2026-05-11T10:09:22Z"
"108c25bfc1f93be10d3e7302d35600cb9302a0a282fe9c4a98da6e47fb80fc84","2026-05-11T10:09:24Z"
"8b5b9b7c02feb217cd4377eb4c9405cb59bbe5d76786bf5cf2bbfe8fbb5e0e4d","2026-05-11T10:09:25Z"
"51b99e01f8b7bc8bcf7badfc2c987dfe7352512b62b5c62973b0f91293a7e610","2026-05-11T10:09:26Z"
"4d9d3c06c34edef1b3170cbf0c80c6fdeeb94ad423a668eecb983cc31b1c6d04","2026-05-11T10:09:26Z"
"9080e0a54a4f2a5529961c4de7b8baf9104c2441fb570ff77743d76ea57ebffe","2026-05-11T10:09:27Z"
"36c7e06bcbb3c5eff4d721418b36bf6cc51fecd9ee069bdbe9b4f1351f7b9f48","2026-05-11T10:09:27Z"
"fcbbd0c8de7bae53b98cdf1ed065beb68e4ff788262211d5dd78bbac4b989031","2026-05-11T10:09:28Z"
"bbf22daa5471ddc0215abaae353ba194b7c396be77767b789a4e572b737be556","2026-05-11T10:09:38Z"
"9dd8da5313a19d3a633ea4003ee48af67af23ad4dc398b68d56fe547fa5451a8","2026-05-11T10:09:39Z"
"16c176ef956092161e44ebbf8b299322adb3ae7177343dfab862edfc95e731b1","2026-05-11T10:09:40Z"
"6ca0b4140646e05a66080ccfaf162df5bc5f819409fe16a976289623661c3c22","2026-05-11T10:09:41Z"
"136fd80c33a57e7fef70b7f0f7f406c605e2867a50ad75b93e36142f75b80c00","2026-05-11T10:09:41Z"
"12f7cd1b2a867a94380edd7dd79a0da3190dddb0ce71e7f2f973f86d20495c4c","2026-05-11T10:09:42Z"
"bee67a86aac793c3cc31bb8e8f91d9f26da97d6029c1c9f8ef41c94502c15494","2026-05-11T10:09:42Z"
"4d8fdf9fd77e9879a7275d055e91a23593bc0c8bf41b554e6cf4949b4e18008b","2026-05-11T10:09:43Z"
"1e5a90b6fdee198af65ac27ba7d4a59ac19a6ce6f1a4bb00757ff6778832fba8","2026-05-11T10:09:52Z"
"0f978463b80a0e4c601b03fdcd2500639c512557d6c3d791e2750b8efb679b4f","2026-05-11T10:09:54Z"
"87aee424910ec224bd60a803d5fc4d8a5884388a0dd9f995aa1fee76d48b85c4","2026-05-11T10:09:55Z"
"a74078aa757d926e691c76b7f33ee3350c46e7396e6e2d74138897e53d8c1e02","2026-05-11T10:09:56Z"
"e81d49bbf44c22aefc8e1f2767deb39d54f9ff03d01113a914cef20ffa27f704","2026-05-11T10:09:57Z"
"5472242a31a75ff662e780523ae5bf26cefd4b8b754455f58b10b64a16c8d156","2026-05-11T10:09:57Z"
"44bd03e4057633a785f279d008e2bcee9246427c3ab2b9544ca7781e7362af52","2026-05-11T10:09:57Z"
"451636ceb62586f55f77bf2719408c101c8a9e3e8b08f4520adf9d93ff612b30","2026-05-11T10:09:58Z"
"70b04e3884dc126bf55a08d49f202fe77e4e7bbd4b5fb897949885395b49670e","2026-05-11T10:10:07Z"
"df6ce76d656f59f585671af3f7bf599f99704306a9113db82875787599163ae5","2026-05-11T10:10:09Z"
"64eb1d3f1c74ac65d87c0d0c16c1976f07ac9fe0efc2bf845d19a8de7ffd1694","2026-05-11T10:10:10Z"
"6180a92a33d87388c1117f47a131d1eff373fb0f8cde31e0a2102d0cf6818558","2026-05-11T10:10:11Z"
"bb50558bee33c36b50be96e25c01db6ab57120d62c70b9819db69b55c1ab13f5","2026-05-11T10:10:12Z"
"49c457252f190a0133881c1da0b3269f4fa244964bd02c9f0984ebe8dda2e3a6","2026-05-11T10:10:12Z"
"a593650bb0632da311ce7a286387187cc20b6e63ce480e56bd32d33a151ea5f3","2026-05-11T10:10:12Z"
"12e739f156f5492ea5afbc8543628bd7375762c4ccd20f5da64de5ebe76b9fd1","2026-05-11T10:10:13Z"
"78e2c67816c8148e909654b0ab51ce39cb1f5ef06858d3fbfed777a028c8e02f","2026-05-11T10:10:23Z"
"da0ad33f89c51617c37ea9bdaf7b0dfee6ee43bd13804bcf718db5017a99f587","2026-05-11T10:10:24Z"
"7934653b4a02d6144de013ede909cb82c61ecc3bd4eada285064632cbbe98165","2026-05-11T10:10:25Z"
"92137a0dbceee570fe37326b4c3b64256e03d140e324790a69770e3d5250124c","2026-05-11T10:10:26Z"
"114295d039668b947544a392efe322dcf790cf90946d2896bfbc5de44ff37880","2026-05-11T10:10:26Z"
"051c95e4f30254606709e96b4d8a5a4059cb7aeb7febc1fa8fbfc5fbf9297649","2026-05-11T10:10:27Z"
"f541ddd7dc5a5100fc1c2971720a7d5198e924162cdcc98402ea08dee462fcc7","2026-05-11T10:10:27Z"
"957dca14968d4dc87fceaad301223ecb964e0d44b8fc884bffd7f4044fba79a0","2026-05-11T10:10:28Z"
"2a22991f3d855a57d2b632cbee731d54f36dc2f57a11323070ca3a371dfd253e","2026-05-11T10:10:37Z"
"4720f9610554d740493fb53980787c160efa85721fbc13a8a899bb36d0d86ddb","2026-05-11T10:10:39Z"
"eec001b22ac23bd37fd69940e77ffe0b168c1f6573a48ffef75a68c80b9cc94f","2026-05-11T10:10:40Z"
"f190a4613c9a49a0b5b7778271c506498688de2b2468f374fbdcd55b7801f584","2026-05-11T10:10:41Z"
"878ff913d79668b6eba21acd71fe6510bfbb6d2a53b4787287398b6ca306f9c8","2026-05-11T10:10:41Z"
"9cf83093922b0d1a7b6e4b5a372da4325c3fc8b24d4592e1246e92046c40fd01","2026-05-11T10:10:42Z"
"a62a3b5b2a221243c209689fe98916e4f7625d1e8cd02939d2d696c0f4c1b83b","2026-05-11T10:10:42Z"
"c29891316e8975317f3b43e3236937e7b235954b943c5a5a91d3cb091b25b9f8","2026-05-11T10:10:43Z"
"092a9363affad03a96098518341b210ec84a2695ccea428882a52a9e884b4420","2026-05-11T10:10:52Z"
"190d425dfac5939d8c154f86e6b6703ae33fb607511b367491df500fcb8e0bb5","2026-05-11T10:10:54Z"
"7cf51b465e2c84717b47670f2654cf5f5023c205dcb8456bb1ccf05b79b6d1f9","2026-05-11T10:10:55Z"
"6b65a6101716215b4916a16516224a576ad8cbcb5ac8b43f34fe7780588640d9","2026-05-11T10:10:56Z"
"f225704886e34d5f96a0ce287715947d4fd30bf1fead240dcb5e67eec7e5cc3a","2026-05-11T10:10:57Z"
"621817d9d0791537b62d934b174c8d7a3012be3353be7f2cfe8fef4a89388c13","2026-05-11T10:10:57Z"
"99a7f087762853c110192feea09e9fc49a96aa744f57a6e2a57f2edde76ef7ae","2026-05-11T10:10:57Z"
"8b7d118979b02469dae3812acba363d472daf42e3e026b9dc82a238b07f2b8dd","2026-05-11T10:10:58Z"
"7cda5e2dd2978a2cc558fbb30a0616c651edde51634dffbf07d7238ecc7b5308","2026-05-11T10:11:07Z"
"a984b1e2781b80bb9fab2fcac0b57fade9268b9e0da53a0f3865f93b4956a282","2026-05-11T10:11:09Z"
"b5c88d4a8488f5e70a5367499b693d979f8ac68554929ea5d5eff22fd3c55b26","2026-05-11T10:11:10Z"
"baef0c158e9cc7db275c4eb4b56f50473a12478c437f84d17d9ecc0fb2583318","2026-05-11T10:11:11Z"
"de73b29165129dbf17bb9e491fb4f4faef9d42da5a8b598350781be3465c8647","2026-05-11T10:11:12Z"
"32230d93867e60807daff794864ab04559320da76d0a097c4cb1c18e2e546ad9","2026-05-11T10:11:12Z"
"aa83ca6ab35d942903d0b936cdcc06ee9f269f6ba6ff37fbe2bb69b8b1fb2d93","2026-05-11T10:11:13Z"
"a9aeed0e74a42f361cc22c7a44c7a10b30864ca192c2c98ed1637d0c39a8a99c","2026-05-11T10:11:13Z"
"26327de5c1dd522803d5c582a9fa85b0101da120797adf0582b5a9c61eecbf1a","2026-05-11T10:11:22Z"
"260323bc45cfa7626abf724bdb73486973a06c0ee06c4f238fd74fea2294c0b6","2026-05-11T10:11:24Z"
"650b4808c8993b72bdeb1302abbb16319bc551773c97cdcfb68b3f4890bbd1ad","2026-05-11T10:11:25Z"
"f3cceed192eeb9604659cf3ac52764cd8981252f42ca37a6d1e3eae58ba47a13","2026-05-11T10:11:26Z"
"b062e5047899e63cd5b5edda2b8770719e151fe9cd37d6516acc41fefb44969a","2026-05-11T10:11:27Z"
"8d5703e15883578da56659e737cce8133ae72fcc2cd62f699a06d063219d3427","2026-05-11T10:11:27Z"
"c3571c39b6d8a9dd8860dd600a1fbedffd1278b518cfe667f50c5c7310266305","2026-05-11T10:11:27Z"
"51a0fb473b3f660e3b1b2ab793af9ec220644099db50eefff5dc656eab4121ea","2026-05-11T10:11:28Z"
"6b5b4e9e3a82e3c2f28a467f540503706253d505cd08ab09c444f3e66bf7fd1f","2026-05-11T10:11:37Z"
"739588148582b49ad135a0549d82053d0b776471720b60d3faa1f8c608b26dc5","2026-05-11T10:11:39Z"
"80a3efd0c6bcf687e20c27d6e311fa848e0afcada80738a47d0afc97eb325e38","2026-05-11T10:11:40Z"
"18f1230e5e07eaeec60aacf3ef089321ce3d9fc12ea85abfdd3691fb9ea75c6e","2026-05-11T10:11:41Z"
"5c925d664d55b82a01c9928a8badc091508c81bd8eec210a909af8a040ee047d","2026-05-11T10:11:42Z"
"37df748b809aec85e89166ed27bde9332ce1f56185672a60c763e8cc2c399fef","2026-05-11T10:11:42Z"
"aa506012f6b5d3c9192441ff58f10c7a8f5bef399ecc39164ba3b687ec515e89","2026-05-11T10:11:42Z"
"737b1655cb9aa2f74ef98fbe1feebfe2bd52078954ff791f4af4e2049ad2c0cb","2026-05-11T10:11:43Z"
"3822bd726eb221d4a6b912c73a9f21c508faa5c2e25ea9e20e64513a9da0208e","2026-05-11T10:11:52Z"
"54dd36ccca93f89bf1c0b993bba4c80dd1371b2bd977881b24d551d8820dc764","2026-05-11T10:11:54Z"
"6000e4cc1e973049fb65468f65406b929ff18bbb631e8120b9fa339e41daea92","2026-05-11T10:11:55Z"
"2c97a98973ddd3d225078fd8e0b338ed3cdd27b2909a50b66d68197016357d26","2026-05-11T10:11:56Z"
"adc2b4918b47cac4e2046b4917b683a2a4a482e9a401ded51c61f155ec59a30e","2026-05-11T10:11:57Z"
"1c92bcb5eeac0e6009a6b3c74af4471294c1a22fc6798d5311a913a8dae61485","2026-05-11T10:11:57Z"
"c9f372081c0de164d9b33826eea1bd8386e75edf4d6b148114a74fe6509b545e","2026-05-11T10:11:57Z"
"3c809cc9ffe16c23d12625c0e538a694d0756afbd184570cdf30131477251851","2026-05-11T10:11:58Z"
"ba056c626e5218c292f0efeeaebcfa6f303c7b057f906cda6e8816ea610a9d11","2026-05-11T10:12:07Z"
"5e8b30b251a088341c95b50ab30763b963e9facb7df4990d7f53c4786be39830","2026-05-11T10:12:09Z"
"21e32de65516fb20fae8c6b425dc49a56ee380c29ffbbede2db59058f6397b0e","2026-05-11T10:12:10Z"
"c2bd08f2b26d00ed9b3fcfc01a602d2100d86fdd42371ef3c9fbdaa41428e81f","2026-05-11T10:12:11Z"
"5947980a27d41be151e1cab767e1021a77f02753b05a4bdaabc55a0de47679dd","2026-05-11T10:12:12Z"
"193f53ef25b8253e2ebc073ee28072e5d5ece93846dd86b9a5156472899e8d40","2026-05-11T10:12:12Z"
"8d2de9b98bf1e31648f28475e136e1c3cbb91a2ac53f8aa78dfc218c2e1399a2","2026-05-11T10:12:13Z"
"da59ef58df13f85e3a0867e10cf00d5e7b4435539679c460f5b16b0d97220299","2026-05-11T10:12:13Z"
"baf0e8ccff1969be6965d768c1aced31974797c72fcc8ce1e3df6c2ae98a4061","2026-05-11T10:12:22Z"
"30186a0d1250717cba4f9011be8a01c6a065f2273745e91db599a5153a49c947","2026-05-11T10:12:24Z"
"5106e2a8436274016f3e82f7f715f3cb70b84ed7ca8f74a081440752ea7e0c25","2026-05-11T10:12:25Z"
"640014811772abf58cee0339c3fc31236c368bdc2cab32b705915f375c73dd8e","2026-05-11T10:12:26Z"
"453510fd3b61ac8bec4df61377f121e2d3aa7acb2d968cf26f645fb671f4c6ef","2026-05-11T10:12:27Z"
"ec552c7846028aaa2f7b165eea0eb9b4bdce1db87e46f6f0cc314e935451a11e","2026-05-11T10:12:27Z"
"2b170aea460cbeff196d5edb8692e044a1300e827928519637c6f5adb01723a2","2026-05-11T10:12:28Z"
"2ad810614c238831576ef3bc95bb85dd4e4c6a83702e9e09022f6cd6827aa5a1","2026-05-11T10:12:29Z"
"1553a7d2d0f324bb52ebf38f3948d1c5167a7f841c6d3f4c2baac34d9f684fdb","2026-05-11T10:12:37Z"
"8003e28dd820262f8af29c388d2cefda29397439a34b5be7ef8972e4f254018c","2026-05-11T10:12:39Z"
"576087b6ef7ed7f3657818132ae94691a3b27663ca6cb78cedec6fd2ac3b2bc1","2026-05-11T10:12:40Z"
"5d3bd27ba4b2e28522f2f9aab45f848d55d9b9c7f0e00c01d4d312c1f7ee24e4","2026-05-11T10:12:41Z"
"dc2cd51148336b847bf9f9dc5a000d44be1fbaac2984fe6b65c84ee488d01511","2026-05-11T10:12:42Z"
"3ee4fc4328edc5acfd641151173bf835f0c361011d66596822736e37f249ec0d","2026-05-11T10:12:42Z"
"da0a676b3f1b36f911a67fb55e1205d7137a898eafa3d5608cefa343aa5f7682","2026-05-11T10:12:43Z"
"38974621f786ede18ce0e45070dd7d2d6ab0739673750fe6b90e4ac12bc10605","2026-05-11T10:12:43Z"
"8b516326ccd675799aa904c017ed8f644e26f0f464825b37c2a60a2ec77d5aae","2026-05-11T10:12:52Z"
"6b6ed6f7d62a144673a0477c1a7267785c4ed275f68397aed1a29a6d40a88963","2026-05-11T10:12:54Z"
"463b61eae5459b029faea97d6ccf2171529a44d73765e81ef651478c3d294b31","2026-05-11T10:12:55Z"
"4859706d8c5a92bcb568d4ed39bdcffd3babc037e23e41367fab3e5572ca24fe","2026-05-11T10:12:56Z"
"52fc626004dc44db5d937330ef8a7575100f2804c8ffadb01259e2005466b981","2026-05-11T10:12:57Z"
"e6bd62068d7ff30e514ec90624e5741cbdbf39aab1ebf7400c4f25c358769d82","2026-05-11T10:12:57Z"
"1156cacfb3538eee71d0eba9d5a3bd49b3eb409772eeccbf394b3bac72cb8a16","2026-05-11T10:12:58Z"
"0f6893397531eeb440e9cfba5840c2cbf9b72b213c7136057083b3632753aea7","2026-05-11T10:12:58Z"
"4ab9c79d6961d3b4eec419f5d010608c5ccf78cc716fa3ba01bf817ccfb7b44c","2026-05-11T10:13:07Z"
"cfbb99f54029db0680e3e30e28a75d939c26b547c2cd6406166fe6c50217c032","2026-05-11T10:13:09Z"
"e240798009ee6555cda537a2a96eabf33327046b9ae4b5dabd46c722aad58d2d","2026-05-11T10:13:10Z"
"ee9482db70728dcbe4f18f59ca4c5644f4a413149691c7775ac1a1ca97a01d5a","2026-05-11T10:13:11Z"
"c78b43dbfabc6f925d5616c7ec5fc9cd4e42321aa1294930cb16c0f96d0efa3a","2026-05-11T10:13:12Z"
"cd2a6229597357570a7878f4993bbb641a4621412baabd960bfbb18813e834d3","2026-05-11T10:13:12Z"
"69b66cb3776354a6b71a22762a287f9ed9310bba862b20f9db734faa4c319510","2026-05-11T10:13:13Z"
"246cff5629ba9502facec564ae80bba051221bcd13dbe5b1c85794a9a66ab851","2026-05-11T10:13:13Z"
"f87db4d56dc6067bc51449dff73e0d5142102d7c75151eba7453919bf3c14bd4","2026-05-11T10:13:22Z"
"2ffef7f493b63337be1a7e11ec0ee41a24c524c527706af5b5a7e054ab8975bc","2026-05-11T10:13:24Z"
"a5e8111cb14a55a9d393bff1d7a9f240007ff19aee54b6ba1a775af3ac6d56e1","2026-05-11T10:13:25Z"
"cae6ebace502403069f56108d4d4cd8d180f9ec7601533f0505619cf662262e0","2026-05-11T10:13:26Z"
"6165872a39062181e46892c5877eea861f4adc91ab6933842240a4dbaa861442","2026-05-11T10:13:27Z"
"431ef92195bbe64641227115efca10b253e173c6aa474f76057f8e76c99ba882","2026-05-11T10:13:27Z"
"3b7f9bdb8d7a55e10b513b86b949f4a4b812674b6278f6c213334612b559a3e3","2026-05-11T10:13:28Z"
"8ae3f392522fcd10a449b72d96b9a6897f0991565d58b7b5a79ea3c8ffcc48b3","2026-05-11T10:13:28Z"
"0a9bc2d03232968b7bf705de78f3a5a845cc4d2b6a2e3c58e05be4484e9d5ea9","2026-05-11T10:13:37Z"
"84e228920766f071694b9298fc5ead707fc33188ba2a4924b038b04f782b9c51","2026-05-11T10:13:39Z"
"439ab007349f69e8942830a2730304aa33f5837811247a5e278638e87fae8d8c","2026-05-11T10:13:40Z"
"546a76825ba2ba9753e3f6c30f8abc6ca4970ab8f4d9bbf2f4e44795fe84ccff","2026-05-11T10:13:41Z"
"cc85e83aad4e29925103743873b4269331d2454f0b4ad65151f920c890c593f9","2026-05-11T10:13:42Z"
"a339ab3a613c8a435039027309148afcce82ea0f525bb4bc7768a9186c8788d9","2026-05-11T10:13:42Z"
"b4641eb127ec16f9a2367f50a51501ceb82c0adeb63ee74c920581f50d46b4fd","2026-05-11T10:13:43Z"
"3f2bf2130715fc1aa7f09118d23bd715a67022ce6bf0ac73867f69c0950d92c9","2026-05-11T10:13:43Z"
"f3a24a6143d5b61c08f6db7cf3eb09eac2a477946ac87ffa9c613666eee807dc","2026-05-11T10:13:52Z"
"f91ea6aefa1df0000e60255484b630da8cc10bdff222e9eb94d1b539ae14034b","2026-05-11T10:13:54Z"
"80d53b757469a50a830d1a43a71cefb606052df09384f7b48c22e3762a42f7ae","2026-05-11T10:13:55Z"
"ad24ba2b7d3df18886281f51210b0a71ea0e8c501bd85fa7e18bb0d095e299f8","2026-05-11T10:13:56Z"
"a3cca794d7c5d1cdf58fd7c91c7a04ad259f8c1d00dd3581967eb21fd00bdde0","2026-05-11T10:13:57Z"
"400d84c720d87bccefa55db82bff5302b793c47d8eeaec8afabc01537ddaeb1e","2026-05-11T10:13:57Z"
"d92417810fa76cbbc018bf56be9fa2a671532d0cdad73db541fceadeceb3aa64","2026-05-11T10:13:58Z"
"c239294e03e640134dbe0c90c858aa45db4de6e8a8d2c976c636dfb849ab68da","2026-05-11T10:13:58Z"
"040709e94be5500aeae08f7107843c6c59cf262f54ae3b3a40ad91f65de49c3e","2026-05-11T10:14:07Z"
"25cbaa52092c8e4f56174a82f6aabefd887fad814689ab7eaec046800cda9573","2026-05-11T10:14:09Z"
"91474d7e1d4c948c6b87a9bd97a1c7c942f42a62bc8bb240691b52ff91569807","2026-05-11T10:14:10Z"
"4b85fb52cc225723e9724b7ab72188586385f55f35bc3b2cc3658b76ff1b9fd7","2026-05-11T10:14:11Z"
"f9b3f372d7a8993513e6dc0ce8f20a4516e7a2354f108943c45921da188c1b02","2026-05-11T10:14:12Z"
"5a770c2a09cb4296d48029feacb6e3a9740e5dca7091fe44bd08252bf11065fa","2026-05-11T10:14:12Z"
"0798d74d8a634d60896c02a546b990418b5123709d679ba8520513a7322cf305","2026-05-11T10:14:13Z"
"ca166beaf6d2ebb78b215771bfaabc45390f644841373ae0f45e2f8225c38fc6","2026-05-11T10:14:13Z"
"5b9ffca3bee964a126261d982b0a6fb3617c8aaa54e6c122100eedcb43ee2b77","2026-05-11T10:14:23Z"
"b06100ec439a196cbaa20994483a4375733c7e1f10f49047541eb2946ae9cbeb","2026-05-11T10:14:24Z"
"48e6e9bc9caee7a2ec85894eee396f6f3d3c5c74cb62d0f93c375e6e18255568","2026-05-11T10:14:25Z"
"f2d1a5e3ca87037aa975c04f73c6d1947dcdb68a49b387a8dfe084979778a4d5","2026-05-11T10:14:26Z"
"761522504d9d585aab39438e8238273fb5c63cb147d743d87111eddcfabe9f83","2026-05-11T10:14:27Z"
"9c34f374ab7a329a808284cfe8675d6ae2fe7015e45a5d8705c854cbf8216aaa","2026-05-11T10:14:27Z"
"91e63993203da7731111c8341b19b55acf6225fd61864d4c9d7fc6289266aeba","2026-05-11T10:14:28Z"
"08783827a6eac983d58cd61086ba94755a2e9b77fdfc6d6144c98adf895cb3c3","2026-05-11T10:14:28Z"
"c98cf97c8280fffc12a17eac2c4ec21fc7fea5a7aa34ef88ecb665f87bf5a0d2","2026-05-11T10:14:38Z"
"bba319f6fe5f1871781de97a5b54a917628753e722d0adc7df1ee0c374bf9f3b","2026-05-11T10:14:40Z"
"a9fe75e7724b09515eb77d78a7bcd5ec2f9845237556789c9722ed78d81b25b5","2026-05-11T10:14:40Z"
"49f70d4f708e87a258bd22a5a61d90364e059aabc3b6a4f648aa468ec5fac697","2026-05-11T10:14:41Z"
"6bb7c7f1627d4d24d80f67846ca416e9db689fdf9ac1e97518104eec5333753e","2026-05-11T10:14:42Z"
"6912fb782041f6523ead0b773f60d2164873a23173e75b8b29cac58311788e1d","2026-05-11T10:14:42Z"
"af2d7d37ddb351d822903ebad6f0f4be6cddc15d15f6ae84a24ba2013b3e3503","2026-05-11T10:14:43Z"
"64cfe4dc9702a29ff7351cf225d40c91b899ef9fde07e3c5450149f857997595","2026-05-11T10:14:43Z"
"fb043386789ef1db3ee46583a6f727f9eb19fd634b93e7bc68890a2a39f9c7a3","2026-05-11T10:14:53Z"
"9110bb8ce8a4a8825fd8f901c61942483efbd0640996ab62db73d6059c359874","2026-05-11T10:14:55Z"
"a04445d9f82a18b875391cd0a98dc0ad8ea0a188f02465307471b56263f5e590","2026-05-11T10:14:55Z"
"0580d51b8bf342e7964bf61348e98490826444c78eb14ed791789c610114cb1a","2026-05-11T10:14:56Z"
"ec9f9cc1e7de12876a61336015eb5cd5de482974971ba7302160142a803bf789","2026-05-11T10:14:57Z"
"a66e6314e9bece0a4d0feaa21c2c5f60337c4e815c87576812e4dde6eda0aeef","2026-05-11T10:14:58Z"
"6b1b422b2a3bdbe2e9cd93071bd9611bbda4b7f6136d34c8cfb824bf3f535615","2026-05-11T10:14:58Z"
"e5916a48c1ba827ddb560efdc7c57449270d1dc7fd3dad0f937d01095d10e640","2026-05-11T10:14:58Z"
"b5c5ba3a6205cc820a3f6d6e19bd357c60b24a99580fe9e38a7b412645b9883a","2026-05-11T10:15:08Z"
"ddaa248cc8fcb8b8708197563bb8282fff113f0c76e0ac1f95b98753087a2125","2026-05-11T10:15:09Z"
"a4743b7f2773e25981390ce704c0102284b974b6ead8f163701bdcc81bb23dc1","2026-05-11T10:15:10Z"
"c23e092ed80e76e632165fe91473ec7d675bb1ce9a6ec8851225f2dd194cb248","2026-05-11T10:15:11Z"
"3a7f87f89ebeb43cf73b00ab54f29654a593e076606457367df4aba09542c480","2026-05-11T10:15:12Z"
"517bf6ce68ca460bd92fdd8f1cac7b6ff77efde369cda2f629e3076997d56e6f","2026-05-11T10:15:13Z"
"7ece9aa5ee11fec19d5ced8a8b14cf656c80964bdb55db186e5dea9cb404cff6","2026-05-11T10:15:13Z"
"f78aadc55b7e7af7b360d9dd58f208e110bc0cc26d0d7d0d439c579821363f8e","2026-05-11T10:15:13Z"
"d10856284a47201ff5cc334154ba134c92065bd57a942eb7572ba87fb5c5e9fe","2026-05-11T10:15:23Z"
"54c3f784f6967277d47e7b9ae74bfbff646703b316a2d0e54b38c4777de20a4d","2026-05-11T10:15:24Z"
"6be2ab26fb53bc3955b2fe7fdf0822dbe7453de2ed775cb6056712f9ce75de2a","2026-05-11T10:15:25Z"
"6da8b06468e33aaac33ddc984f475a7a5593096c895e64e1ee53f466fb6b534c","2026-05-11T10:15:26Z"
"1bd7cc7d674e91852d49c6c7919ed23665d14aebcd3bf77792c15385f94970de","2026-05-11T10:15:27Z"
"8d94fb279cc19188f8d4ab436ee1c9512a2fb45eb9dce99a15ad1767c2ab711e","2026-05-11T10:15:27Z"
"b3879c5fbff668671769e7a6e6a051bb405c498f5c6bc73d9014958cbd8c8088","2026-05-11T10:15:29Z"
"a988d2090c9e6d657516f222e1dd66bf417e8409f11639baf78710f28a1d5473","2026-05-11T10:15:29Z"
"328b738aed70634af40856f7b7c5951876fe987714724edaffde10bfd3ddc64b","2026-05-11T10:15:38Z"
"a38d4941b40e3a908cfeed7cd8e384bfeda3d5db7a8764d8b8769c7765a6c71d","2026-05-11T10:15:39Z"
"e00316bb9c272196f5ba59e8c864644288983178e63eb7bbe88e2a59f2af8543","2026-05-11T10:15:40Z"
"6647aa572e5e252f8c5dfc716167610648d7722329d4059ecf1cf62772a36ec4","2026-05-11T10:15:41Z"
"ed4dfb2dd36bd77fa961f23dd421a01d7e5914749539a696d772e15545573c07","2026-05-11T10:15:42Z"
"11753c20bb09312821f1c0a29299fb7f2bc555476eec687e3680456eaabe3e07","2026-05-11T10:15:42Z"
"7bfbea03c7db4a9769fe320dac1124de833eb22607bb70fccc8192c6c0d14efb","2026-05-11T10:15:43Z"
"0ba6ce72107aa8eae139eddcdd386b7c9e4fa999cd7136acd954c246c50d295e","2026-05-11T10:15:44Z"
"0f58a252df0c9950719da570a6af83027a5adbf06961e2ad63bd4c022d8e3657","2026-05-11T10:15:53Z"
"78ef089a862f9e62deea2d25697dbde6faf920e5640abb431d406e977436d34d","2026-05-11T10:15:54Z"
"08b759a6bcc59c3c23b2cc61a3a18919ce3807a085590b6a63ba90b24e6ff959","2026-05-11T10:15:55Z"
"feb4f7bbb3c07aeb7d9955f510f6bb7f40eb6f902523266e234a399a4ae3d7fa","2026-05-11T10:15:56Z"
"ea449132bf45779f008ef4d494dfb432676b819089eb3e9d3e98cf15d304c48c","2026-05-11T10:15:57Z"
"f9cddcf2bb6e879a452ecb24b68dd5da5fc23bd49536c076722a8377a603cfaa","2026-05-11T10:15:57Z"
"219626c93a4e183406b93c8ec6e2b890676e55a785d076a4673aa9b3bf8ed967","2026-05-11T10:15:58Z"
"126910a15169420246fc270ac64869ab2f4231f7050597fb14439bf1ecb9dcf5","2026-05-11T10:15:59Z"
"13d9f2c5f17d273acb074f49b9f0b06cf43d30676cd784752643a0133d894087","2026-05-11T10:16:08Z"
"26335c994225517aeae19e99d90232b3df8d7eed8d34c8814e13e156b2c49a14","2026-05-11T10:16:09Z"
"22029d32ff0ed76c186f9c6a04a54c60c5d959c05fc93d5ccc91c2234eecc4b8","2026-05-11T10:16:10Z"
"e3a2e8e7e4331b21b402c7fb3c3e0b32af56a6439257e45a88545351c1c799ef","2026-05-11T10:16:11Z"
"3356c7fda09189c26b094bfa132447b7f86912a8cdb85cdf4ca6e944f7691639","2026-05-11T10:16:12Z"
"6366968cd2764af3490b1bd78f27c8d3d9f36c8951814048def204091e6adf04","2026-05-11T10:16:12Z"
"6b52860d3d82f6d5af8c42cf21a45327191221fd30c664c99822f03d741200f9","2026-05-11T10:16:13Z"
"47d1a26b1d3f847e87d75b9bcce369fc25982092ffeb60104564a6994fd97d77","2026-05-11T10:16:14Z"
"b873cb0fb50edd926c93281cfaec63cb544ad8f299fb33941d46ad2993a1abfc","2026-05-11T10:16:23Z"
"e33ebfaa96348df7f91c1bf0a2bdc15a3b665aae41af2fd059693f8f67eb2cae","2026-05-11T10:16:24Z"
"aa50bbaf24172900d40a10ca6c67f140c15d59faae0118d1beb16f1dbd86194d","2026-05-11T10:16:25Z"
"722c31a8a0d959c9739e4d8ddd8a098710e54445f0e6d8f3270309c2b1b51c7b","2026-05-11T10:16:26Z"
"9dce07e1728c6ed003a611313fbefc5fb81be77229e4bff8563ad88eae7e33e2","2026-05-11T10:16:27Z"
"9e05fa3d3bd5cffbd7455689304a1912adfbf60c7e5f89c71971727237ea3975","2026-05-11T10:16:27Z"
"abccd6c7a06a6631d9485b81c0a78c465fe7b9a0e69bc5dc818f6d811f8f5e96","2026-05-11T10:16:28Z"
"91317765cca644112955c8d54fb7a2545092ecac7a2b485f9e991ccc48591fac","2026-05-11T10:16:29Z"
"8d6cacf4b06da1b804503f06c7c3e06c9407e8172fe0d12802e435fa0298d59e","2026-05-11T10:16:38Z"
"1c5181aba52c0de4c14a4032169c040c5e0f8f416053e343bd202b73517b6f66","2026-05-11T10:16:39Z"
"8e55714e1144f709e3f738515ed6be5537c38f2d410b02079b2cd35ed5f49e13","2026-05-11T10:16:40Z"
"d15f266e20a3ca3af680b800b2866372795e89ed4fa27d12e4c7e2801a884de3","2026-05-11T10:16:41Z"
"aea5aa06260cc0b779d064837f47b3d7f5f8bb1287c85af54751319c9a2827fc","2026-05-11T10:16:42Z"
"c736cf2d8d4bea88e1193165e1dfa4b6955d50c0ef7211250e6aa6b81986b8a2","2026-05-11T10:16:42Z"
"7862b24e3387e575f72929dcb8e4531e5030293c11ee5edb6a423e0e19c2a662","2026-05-11T10:16:43Z"
"3de32ecac810e3283bc9efcb984e2b7ff70f9b18b7326857c1d717ea9c1bceee","2026-05-11T10:16:44Z"
"cd060914d501324564ab24d42692505794645a9eec0f0e3944dd34358ea4b9ad","2026-05-11T10:16:53Z"
"50ea00e763058c650c44d2f9e0d0f161a723f0b00c5a95c13de3bc211b79dbe0","2026-05-11T10:16:54Z"
"2bce491e0e36280f1b0b9bf4bc1004cf8c6e8f0320bca813f73571ec08838d28","2026-05-11T10:16:55Z"
"70d3bc7c9a1411aadf2280b68eea1681fa9bccea972477bf6034bb7503e0fe8f","2026-05-11T10:16:56Z"
"be8630161784a3279eb1eebb0dab1f766f99188bea8528f2981b736160cab5d4","2026-05-11T10:16:57Z"
"a834fe8d4856a3089212dc93f79037b6730b002f659748ae41f43ca833cb0978","2026-05-11T10:16:57Z"
"e89a6a5e06d668aa17e47d6ca85540d671fef0230b2ed9d35008f0b50466bdb3","2026-05-11T10:16:58Z"
"d27c36f91f8ae7dad888f945c95c055840bbeb86183ac018b610791a5505da8f","2026-05-11T10:16:59Z"
"9ccdf2d2defcb46558358e87e5b9bc9d0fe5fa738cffa048e92bbd9543717297","2026-05-11T10:17:08Z"
"8f600522b8fdf776fd060fe7aebd193e6c89064561ba8b0ce99c92935d9ddd54","2026-05-11T10:17:09Z"
"aef88da02671d08ba2403a7b6051b8c5b3e8b9883b456d5bef076686443ea430","2026-05-11T10:17:10Z"
"781847591d30438445d2e163d0d7c4ffc7adb6bc18ad0ca0111aa171fb83cd6a","2026-05-11T10:17:11Z"
"047c30cbe204183d36b6fda5a45ed540016ad486d4e294ed45b4c0b187d956d5","2026-05-11T10:17:12Z"
"8433fab9c3838ccb6667a684d4290cac55c752cd864b2a9ff0f5a13c3653ec30","2026-05-11T10:17:13Z"
"36f42d28b1f03ac372c527afd6a572f856dbd74bd3319dd79c0d9e915d912a14","2026-05-11T10:17:13Z"
"be093717c15c019aa5d519c0605ec1a279f830e2ee6db2ed7a654b799b0c409d","2026-05-11T10:17:14Z"
"3479ede0648d3cec84fbc6b2650d182717137b9105ad253444e5a35a1ed6ab33","2026-05-11T10:17:23Z"
"4f429ca67d33543471ebe985915eefe78b7440835277c392209e802233154d26","2026-05-11T10:17:24Z"
"511b25709e90c9304ab59f316b41564d49ee6efdcc28b8e6592c73303b1b4bab","2026-05-11T10:17:25Z"
"07cb0f9934c39a685f88a463da1306968b2f1b2152e4d3131d8f3d8952f6f2cc","2026-05-11T10:17:26Z"
"cfec061af46d761b515b8a4c8e97bdc45665b07d0d6fc613ab409e40b60026b6","2026-05-11T10:17:27Z"
"b6a087ae295ce0b674c917e46db4ab8dcf01f6708dece0a8ae80ea44440ce73b","2026-05-11T10:17:27Z"
"29d71eed5a8170d387de05b6eb00b4a8c3f15bcedb090946b4ae135f3e1e724a","2026-05-11T10:17:28Z"
"e7ed4240cdd051b796c3cd15022cbbe658e1a46e27e4fe1ed8d4379c8db2636f","2026-05-11T10:17:29Z"
"0ff6fcbf3e5bbcc89344791440c49170ccedc786b16fb8c383ab8e4e91d9449f","2026-05-11T10:17:38Z"
"7f63669a35904bd9beee1ab82769d4533f29a94bbd06dcded7071f5327175863","2026-05-11T10:17:39Z"
"32c0663eb4eaf8d578e67a72fcac4749916b784fe5180df8f8d205b883486da4","2026-05-11T10:17:40Z"
"9cf4d3d30fb10478efde8ea671ad9e8b5c0b4b5ed4f30bf52637d1d2f3888d31","2026-05-11T10:17:41Z"
"bf1faa76a075aaa5ccdba780756d27a1ffdb69f997101e65ee900ed67c4166f1","2026-05-11T10:17:42Z"
"375490a1106d2fb5c3a75da39193734bdd363ed0a6def25467bf7f15f3759f70","2026-05-11T10:17:42Z"
"aff51468e9ac1b279e8c6dbff97b7818cb4a61c3c02db99b7e78edacd09aaee2","2026-05-11T10:17:43Z"
"7c73cd20c32bbba657062556f8cececb0dede3e1068406a55dc2d133bbcbe429","2026-05-11T10:17:44Z"
"154d9a73ec33a6005b57d6e63c37b9524289442dd9cd649ed8dfdf0480d73bad","2026-05-11T10:17:53Z"
"29952f292812b12eda04b656607503c4aa74b51b4eabc28f61f65d70c53dffe2","2026-05-11T10:17:54Z"
"3d1a34c5b5a5a7f28122699b80507d6c386b69e77c3c5cebe764dc84db61e5df","2026-05-11T10:17:55Z"
"65d37856c0b177def3f25bc45dea2f862120724f0d6fcfbdd9599f531ad9b8e4","2026-05-11T10:17:56Z"
"61c713bfcfd7d0205fc6c0129fcdb17a1cb16b85b5732b2741749b7f2040cd3d","2026-05-11T10:17:57Z"
"4891b7b57c27e702e021a3b8538bb70b6a1234d9b3117fece126f1d02e1326fe","2026-05-11T10:17:58Z"
"250ec879d511e50b90c73f3ab9e497939e4cb9235aec094c5e55dccf1718b3ca","2026-05-11T10:17:58Z"
"03c2377e0d41298685008a70f794834c60be96df0026f6852b67b2145b82e9b1","2026-05-11T10:17:59Z"
"bb41a5dc12251e5fd8b6ebf0824e9d184149ad388a0cdababf40c6a0a8f50ac8","2026-05-11T10:18:08Z"
"cc94ec2ecf16b0aa3ce277a6458d74aa16d51e4b32f9b1e6f54d27ba619799b1","2026-05-11T10:18:09Z"
"85d53296bd82b21337e8797db2fbc200c87da7333d2c0abe3466104dc768c30e","2026-05-11T10:18:10Z"
"d737a6403beec6217970c143620447bf7fb7fa97af2eb4e8f4b8c5e249f4374a","2026-05-11T10:18:11Z"
"1663c2b4cd4a167a2021e654b5de1b601fe18c6ed9cfa4721e3da35923e56930","2026-05-11T10:18:12Z"
"8be6fcdcaaa892b6eed7cf531365d21e0ee205afa41ea252f5753b83ca33c2b2","2026-05-11T10:18:13Z"
"58b6f7c60baa70333aaa8c126286488ce39479d14687d095c6991304a43dfd93","2026-05-11T10:18:13Z"
"03b13f2c2392a480505ff362c01f44eae697b0bdf4e00a13da207d6a1beff795","2026-05-11T10:18:14Z"
"2b733ab6547a5935531988a29403cd3ad318035c3357dde7d8175874237d3aa4","2026-05-11T10:18:23Z"
"18a19eeb80e2e01c41b1ba6d396fbfdf6125291e5192606388101a9639e2076a","2026-05-11T10:18:24Z"
"26f9ea1972e929aeafe090b91c9f60ad3db336ccc6b6bd72207621a7f4982b44","2026-05-11T10:18:25Z"
"49171b7d283c831efd335988febedeaf38b3040d3dc2a1d297c2d580779a008c","2026-05-11T10:18:26Z"
"01b99baa5b75d515f864153419c9a1fe6ebef6c1c1689f967fef26e5373e73f5","2026-05-11T10:18:28Z"
"5316e49d64cb10b900274d584311d870ec9444f2cb910a7ccb8550965fcc0ace","2026-05-11T10:18:28Z"
"9a3678f36b3c5e75998ef58c14acd19921afa2489b774f7b5b6a97e6138799bf","2026-05-11T10:18:28Z"
"d868478adb0e6ee00d5234838e10681bc661e4ce400d329158b635549bed50a1","2026-05-11T10:18:29Z"
"0a9565a76eed56a47081e3b6a18e228ff0ac115ff6664e4f244d324b0199eabd","2026-05-11T10:18:38Z"
"dca7016c69a40747e35f928a1fa48c8f1c98e1f614d1cf943cf61776147ecf62","2026-05-11T10:18:39Z"
"3a7bd48bba858e1c13f403fa691f96340ad00e4a81f2081c73963235b4ddd3ee","2026-05-11T10:18:40Z"
"f8d56d8bdc982f525f486a17ed3db6fa54174289c4c8dd3801a176fd371f32db","2026-05-11T10:18:41Z"
"900d2d6d90a16f16fc492ac85e1a7d6dfd2aa1f448553dbada9eac77fbc1194a","2026-05-11T10:18:42Z"
"93ec5099d47c8c754ba7d21fa1e68e52e86585b709c6f74aeeeb7d3fe9673de2","2026-05-11T10:18:43Z"
"9fe8905903247f3fa93a528db8cf3ec973a93345029207e4318644f20e5dca78","2026-05-11T10:18:43Z"
"ccb0c37967aa516f032340a741039639a08df41a8d6cca078674b01179fc00c2","2026-05-11T10:18:44Z"
"2993d2b29004594bb18789ba7afc203a9d82104025c5ef7cadec6fc71deda034","2026-05-11T10:18:53Z"
"49211961406dbaa9816e5f46d0514dfa8d6de100188adfd5c402206680dfca48","2026-05-11T10:18:54Z"
"062b864df16a3f7661788d6c33fd5476f0432cc598ac03fc8d9e43dd3579aba5","2026-05-11T10:18:55Z"
"b745d34897a241ef6a31fface8e78b36b3f17266f1fb283f134d4843c3967963","2026-05-11T10:18:56Z"
"c3fb4d725d83ca5f7d4ea10e8f49bb10bd1949349adffd572354137c135e4f32","2026-05-11T10:18:57Z"
"c40cedb90c373b2a6cd0ca8d2fc89331bb70bcc178aae3dd8ff392b5d0127df9","2026-05-11T10:18:58Z"
"c3dbd66b1ad65c118b091b9733c852d448a5e39a92c9f97fbd4456c58be19558","2026-05-11T10:18:58Z"
"7d1e60a8820ea59338839cf8972fe24bea7dbfa18402b6c6b04b3cc128bb0f6d","2026-05-11T10:18:59Z"
"b8445c0c4ef2d72921191fdbcb78fc72ae33c22b9dc2ca614e01678e60f81204","2026-05-11T10:19:08Z"
"b14bde50a0be364f2ab077804867395bc1e2365e884d849643670b6c7fbe32d2","2026-05-11T10:19:09Z"
"2f0de6c9b9183e7667ba11e25105e2713854c4c83a9846b2a43da401acf79038","2026-05-11T10:19:10Z"
"6b2a4377b46396f07184ee8f0bfa833529332e981e61f1824fc92e2387d7bb39","2026-05-11T10:19:11Z"
"925d2043900b59cf709a23c97c326abb4a12c0eb42ab6d1b6f218be31d41e59a","2026-05-11T10:19:12Z"
"cae29b54c20cef4c51ed577a478db681d144180c0c722f88e067859ccaca0ae6","2026-05-11T10:19:13Z"
"b32550729c99effa4cb8261b8e0a21d0c2835b1e4e5f6779eece99be46b3a42d","2026-05-11T10:19:13Z"
"15f046fd3a98ec40ff9c678dd669b424368e72bcf79a097b4b4f181f4e280dc5","2026-05-11T10:19:14Z"
"4e0ef6f7caca51d2673cf2d0c623bac8f4aa36c4a0824d2c783e4f14395c8443","2026-05-11T10:19:23Z"
"6b06910890b2474713c89b1985d2af711f0ff46cdd05a1897ce64a1ccb20916f","2026-05-11T10:19:24Z"
"73d584019d7dd4b97135cb0746e21aaa1a8398cfcad8f02665804e1ef23dad6c","2026-05-11T10:19:25Z"
"6131d9d2c24111f48fe4ac88854aad0472081e54611522ee8b0ceb854ef4b30f","2026-05-11T10:19:26Z"
"ba450ee41294db763c0c4850854ce2d6b4ebb716c3771a81854ae639c9ee56e8","2026-05-11T10:19:28Z"
"e5ea40a5d52794cd4d58d0fe044a0093cefe4d64ecb5596668fa7aceff7927ed","2026-05-11T10:19:28Z"
"d2493e89e9f90d875c9bb7f4009eeb5be35a3a9662f9fda89458ac7479cf3a39","2026-05-11T10:19:29Z"
"5d52cebd193dc76aba22b9215800a260bd88c24d46e7526f734727278ee54e24","2026-05-11T10:19:29Z"
"fd01c51032b26127aaa6a7ddf7dfea512492e0c84cb5c4d91723cfa6ad4ba8d5","2026-05-11T10:19:38Z"
"389f69fc3840ad750880a2c232eff502fc09d10504f4a86bcf31410f47dd6a42","2026-05-11T10:19:40Z"
"81e91fc3a2c634b8e60b64784cfc3bf0ed8cedc1013b56a4fd6796ec5af0dde1","2026-05-11T10:19:40Z"
"4b4dcf22293ab03c5aeace245c676ec45437c607aa0f43881aff5c10723f4331","2026-05-11T10:19:41Z"
"1d4ef67aca5f047308e1e33bb3e2826006f2fc4c17e0bcd8c748742f166c2b93","2026-05-11T10:19:42Z"
"4fe63dd65637ba6651237d6ef1390f337426d467ebb89425d30161f23deeb80b","2026-05-11T10:19:43Z"
"6ef3a71f43c85d6d1a7da0731791fc4361d2520aead54741553d9106c6e1909e","2026-05-11T10:19:44Z"
"482296791c38052c94d5bb578c6cae3374db272c5db5e5ad43f8aedb67363281","2026-05-11T10:19:44Z"
"ec6852b16695b222ad6bd7a27881379a29044bbbd508141118a67cb8b99764c7","2026-05-11T10:19:53Z"
"067f211d2157303f3f0953cd9774003095a8049a9c5b83a4dd68b0f6f7927813","2026-05-11T10:19:54Z"
"00309c47e7b9d35c8d331eb7a864596081d8f2de7fd7fe1179005506d61ff272","2026-05-11T10:19:55Z"
"072b30597a2df4e3ac6f05d5b6351d2ce8c365b6b943e74aabcd3831e343911a","2026-05-11T10:19:56Z"
"324f01961cbe9af90282379bf79e0fb748167db95d7f98ae6fc3b7c34a808556","2026-05-11T10:19:57Z"
"1d48500ffcee7c2c43634c9007493c3a5eaef1ad3ee4e0a960bc9daaad9bddc1","2026-05-11T10:19:58Z"
"ae89f288f4f91bcfba5968767ea71f623212a8c62c43f6b8c15420b935e967cd","2026-05-11T10:19:58Z"
"e27bdcc67b58b0c3b76c2d7fcf16f1513a66428970354814bdb60000e6f9e2fe","2026-05-11T10:19:59Z"
"a063b871f0a3b8a25ac69283de14d78f71e61e74c7191a47b69a87d57bfe6c18","2026-05-11T10:20:08Z"
"b7ce35597dc152ad233511eaf461310220cecc78c700cf9a0e3e1fb674b92ac1","2026-05-11T10:20:09Z"
"3fbf8da2f454870c47c4add842ab07f1fcfc5a7bbc2b577f138ec53087aa9658","2026-05-11T10:20:10Z"
"5abe25218c28ef600c4fa07e0e00f032c9f774e9d788dd5b5cfe6bb26d6919d0","2026-05-11T10:20:11Z"
"9009189cc97d9d62ad870c6e2478445db643b525e17a5fd0d333e18deed1f66c","2026-05-11T10:20:12Z"
"77d6975d400398a50dd32cce2538f447c63f1854a2192abf8606f24c996c5313","2026-05-11T10:20:13Z"
"7fce25c85cf11941ff12efa6ef2de7dd2dc173a88b07d1731b7914efa9e83133","2026-05-11T10:20:14Z"
"bc3ceb115309c86d75a7333eff621524d89e3fa197e9a35d9fd66fe6f21ae198","2026-05-11T10:20:14Z"
"6787965b0d5dd91dfc946b1fd6fff3ff2f57cf0e14431739f1dde056d4f0ecff","2026-05-11T10:20:23Z"
"26bb9e6a64fa3df3ce86f9126f0dab03cff7de4bc85f6a04290760d28a1f5584","2026-05-11T10:20:24Z"
"0ea19b442ef2382c50df552ccff275f30a2d82b749d12a08f1ea766d3d426cf8","2026-05-11T10:20:25Z"
"f072a3dcca3eee06a7715046966605da7292934213e4c604a43ebe485fb08c77","2026-05-11T10:20:26Z"
"d725c87d84f90001aa3ee53f1366d141b079cb681e31470382ca6279835f55bc","2026-05-11T10:20:27Z"
"eec2e31dc5d6530b5849eab614ffb3b6f23abf8a9bb7488c9e0a06257b23e49f","2026-05-11T10:20:28Z"
"384cf4952ad593318611aec210a00887f24600cf7ae6670009b1da7c6625dd2d","2026-05-11T10:20:29Z"
"47c74097896268c0c74efdd9487b5843b52dc891d01620d9bb590cbe9bc75569","2026-05-11T10:20:29Z"
"2599fb347c0fc55eb25addb88ab8f4e37497688773fee013545457ded8ac56ae","2026-05-11T10:20:38Z"
"b80a7f3cad69f992238ecb9a1496a2511dc294323fe565b6965111f9fffb44bc","2026-05-11T10:20:39Z"
"5bcda97a5ded29dc422cefb531edb539714a64595fa0361880b55462f875fb0a","2026-05-11T10:20:40Z"
"5219c715b3d3319511b5b0cefd2ddd465c384b81f5bf47f1c9b53d98edfe5cb6","2026-05-11T10:20:41Z"
"48a4ccf68bcdd387cba3261458a5b5ac4f1a7c970b80317d4bbfd0a41adcbcea","2026-05-11T10:20:42Z"
"281d792fa76bd125646dec457e41b77e796d093661f8630058ec528a4d95061a","2026-05-11T10:20:43Z"
"72d07b7f36bb2dcc79c20eb651bc26f6250b1d1554b84a7273e6b5c01fe18593","2026-05-11T10:20:44Z"
"164fe1cc84163bda2bb20b638032bd63fa4208d62dd5bb8db1d4196d29235864","2026-05-11T10:20:44Z"
"cdbfe24f921ee545ce6d505a3eb4712fdd17c9f24048b413d076590f92f8a282","2026-05-11T10:20:53Z"
"a2d2a6762ca29609756cf1fb3c5048a97c68a069e12be74f0f783269d85b2707","2026-05-11T10:20:54Z"
"3b45b8b59a5150791db3f11de390d4f808cc9ef2fcfaf4d20fd040d81d5b2130","2026-05-11T10:20:55Z"
"a4e7d6195d822bed04f0d3c2f43f607066d16267c47c8ce2a2edc0092f272ec8","2026-05-11T10:20:56Z"
"26c47ca5fc3c1b948044ebe19aa77fe0237332f73d751fdf6b770c3e95e67020","2026-05-11T10:20:57Z"
"4e2ee3478e02385ebbb24f1a8a0be96a8e859c0fbb519173b05efce39a65ed47","2026-05-11T10:20:58Z"
"a89a8be5b8c7239551863cb52a467b1af902c51a962925cc55bfb9c82de61058","2026-05-11T10:20:59Z"
"80235b5fb69339e657c82299e010e312ff54259cd4562bdf5fbdb8e8a6c3d508","2026-05-11T10:20:59Z"
"668b6d133fe6b27b11f4479356dc86a275fa155a93ee831e8d5bd2443e7037bc","2026-05-11T10:21:08Z"
"bb6502705170879655f6f2d95f9a85b9bc71981d61fa8eeb0043c8f8a9b82e82","2026-05-11T10:21:09Z"
"e24510ea7aefe9b89950ce419259ddc7b1fb9c26539e4b30d1ee86a6bca3fb44","2026-05-11T10:21:10Z"
"3d2e952a65e49ac9886efb0bed0f78f5aeb479eb502cf7c8bd4f6f05f33cc6c0","2026-05-11T10:21:12Z"
"ee5fc57587cacfa0929d9084763afd076f897d48cdef44be0fec291cc0e4b497","2026-05-11T10:21:12Z"
"74c125ac4e5e8587251f1431475fc590af9c0aea1e3351f689596ef425f486ab","2026-05-11T10:21:13Z"
"7525b1351fe043c51016630a78471010fc86df6f50ee6e25eff209914e839855","2026-05-11T10:21:14Z"
"53227dcc08b2229458e3463d0c90c81428f46cd5aa924b8107ac86201b298832","2026-05-11T10:21:14Z"
"e2a177e8f2d4fdfed264e5cd3a69df552eee4b3baada0b80523b730f22e1640c","2026-05-11T10:21:23Z"
"338b76d353f836e0475067895408b57b53af4ff292a02f62428cd7464497ba3b","2026-05-11T10:21:24Z"
"29aff7fd46feaa0cc4dff1e647fe9c02c5cc60fcc65e8b0aa0450fc5373d4279","2026-05-11T10:21:25Z"
"8c0b94109ed8b0578f5459e8c6755dfbc252450f1c599baf09ca9d79f866e2d5","2026-05-11T10:21:26Z"
"dcc7fd534fc7368f87603afb922031ac17a0eba5df7160293627ceecd898402d","2026-05-11T10:21:27Z"
"a261edc543cdeecd8f02202abf11d20325bd2f516d2e1597727bffd653e0a57e","2026-05-11T10:21:28Z"
"405aecd24be26e1786a90dbd17dc7844c63bee8ca229ff16e43eeb82655093bd","2026-05-11T10:21:29Z"
"18e2cdeaf1614cbeadfde0210c50667e820f747941ef25d5549980f99321cd94","2026-05-11T10:21:29Z"
"a9fe9f5896fbb6135084321d83953a2835e6103bfc09368e53f0008dae4f65f2","2026-05-11T10:21:38Z"
"441397bb849c1b639589c6268445f323a66e2c68eb64c514f02196bf5b4d04c6","2026-05-11T10:21:39Z"
"319533e898076e9c0553a90144ebbc4499b11985b83d819df7f52f306dff73f8","2026-05-11T10:21:40Z"
"055f289b9aaeb9bcb89da72de49f69d7431a35e54265c38fd03fa766768381bf","2026-05-11T10:21:41Z"
"3557e382daf875f3aaeed479d412ac16dbd54eb3d5bcf600dfb5fab871346a1e","2026-05-11T10:21:42Z"
"9e80b13d1293c764ca659075ecf5d1bb584f7a48f377f624305d17038ea077ef","2026-05-11T10:21:43Z"
"c522ce6f61acc41e249fa333c026f0fb6d525d29fe7322ce2a61230e946bd61a","2026-05-11T10:21:44Z"
"f73dadb8dfed8aa43401d5e13bc03cc24a6734c92848b995f36de820bb7b56d0","2026-05-11T10:21:44Z"
"d1f557bfa2b46ffa5b33580c018648610b92659dfb7218637f65f6c1e465b6af","2026-05-11T10:21:53Z"
"ba4959e1f22311fd838fa9378ca7a5301e313e504dafd5474bc6567660a7601c","2026-05-11T10:21:54Z"
"d0243c5fbec53be1d3e73b3f1f18b652a90c7b38f925c4a25d030e1e678ff246","2026-05-11T10:21:56Z"
"ff9b30edb147687fc58110474579c0eb68592e3b10ead6adcf47ab5e79a73a01","2026-05-11T10:21:56Z"
"87c66ebe4c502c68cbf24488e4af0902418d1f728d2c362b0629ece1439ab918","2026-05-11T10:21:57Z"
"8c03648d04d40692d31a70419606eebd714ce7f5248a2f6c5a33dc52427100dd","2026-05-11T10:21:58Z"
"229075a7f7a49b4697ca342b9e198414861f13bc2804db5446562cfc0ed14887","2026-05-11T10:21:59Z"
"e121747188e7e5f5733c364fa835a7f2eabcd9a2937c4bb78908533dc5a527ab","2026-05-11T10:21:59Z"
"6d0e8c14c3147dab2f55ed4ae9343b53fffc73bcd5e6b0a9c68d25add84de06e","2026-05-11T10:22:08Z"
"b8a0c712365827c23d6f699c5ca40aa9c127d14d608d039934d02efdb5a63880","2026-05-11T10:22:09Z"
"cb32d354aed59e4f751d72c7709899e8766db8cf277ca1e5a1b1ca68ac6b9537","2026-05-11T10:22:11Z"
"93e4a10404db395789f43908e03e56e6d8875a8deceace736c49ce122a2cd6fa","2026-05-11T10:22:11Z"
"b11811364ec0fa8f5f7fdd9d41b5a350f39fe270a8b55d1feed7f0242c36dfcc","2026-05-11T10:22:12Z"
"74f7e04cfeb3493d4e12f523b65a112dfd4bf0b2b0e97077d59532cb10b97779","2026-05-11T10:22:13Z"
"5c658d70e3a992ea1c11992309af993b630219a2df64c08be88c7f9a18a30b4d","2026-05-11T10:22:14Z"
"fdfab1102b14f21629085e98846016ca1d987d6061492208643e35eb70aad45c","2026-05-11T10:22:14Z"
"550b2968b2666676aa258ca5885f545f11e077b21bed73ef9ea5bc8855968828","2026-05-11T10:22:23Z"
"7ea7e6dc5d59469d7841fde1fbf685326b4e15286d4588a293735b2ba01c080c","2026-05-11T10:22:24Z"
"52543d7115713f35fc697814d6f97a1dc80e766189e41b3dff9b19904f8148cd","2026-05-11T10:22:26Z"
"fb28f8d54a61a861dab5ddeab7995cfa5146ed1ef9bdef1a1c5de71434dcc048","2026-05-11T10:22:26Z"
"918e511249f4e5dbc91957b5359d68f38e2d3aa428a5be24f322d1e9feb6e159","2026-05-11T10:22:27Z"
"9b5937398991e4c80760c689ecdfddd2a2ff6f4635846edfaa1aeeee0eecae16","2026-05-11T10:22:28Z"
"dc924fd20b3c8b2418f4487fe78cefb1fdb50dd5245a1562fc8b1611665e2961","2026-05-11T10:22:29Z"
"c010ba3d942598887ec01f5accc8cad172d8501ff0f3a2d336c8bc4b2c00a398","2026-05-11T10:22:29Z"
"030301542ff241ec4d64a534db6d2356dccfe4900b4371d431c83940de21cdcb","2026-05-11T10:22:38Z"
"aa820d17dd0ff672f763f51cbf750e3ca5743b455a7eecb2a4704068b315a49f","2026-05-11T10:22:39Z"
"67d804e6aec32da368f4c0212077d10e8daf6e4897e9a318bb955295ca7e676b","2026-05-11T10:22:40Z"
"55c3b1de4c453e704b7df3b667f4ee8832127fe15f118a6e68243ba7d990f9d0","2026-05-11T10:22:41Z"
"17d14a7384e7b6efa96d91fe7918a853d413b7eb2875695115c06bc22dfb3445","2026-05-11T10:22:42Z"
"15ab968d95eadc638463bea2ec51297d18f38ead50fd998269687985b6e7d824","2026-05-11T10:22:44Z"
"20daeb5f7ec399193537b4ce8e71845b83fddddc6fb7a13829a5ba8e37b08ef7","2026-05-11T10:22:44Z"
"8ffd7314688a0d035ef5488ba371bf7b04de33b0150df09b15c2cff51d6ec081","2026-05-11T10:22:45Z"
"3b7791ce8ac7c65d0e8bca8f6091354d8211e3ce1bf06e00df08b5b8c30b16f8","2026-05-11T10:22:53Z"
"721530ece58fbcbea96db2afa6441bd7f7f7dc47ea5cfa05495bdbbd04c68728","2026-05-11T10:22:55Z"
"2643af7e9ff622145fef99881100f3cd2a44a79c4a6274d20e656e0f4ac6c937","2026-05-11T10:22:56Z"
"23370c2e097723ee02a20c90ef4a2b0580ea7778c0678c24507f888a8189b09d","2026-05-11T10:22:56Z"
"772f4a5bb61ebf1182bb385321c532af92f1d912881acd99b6fd0eeb7c720316","2026-05-11T10:22:57Z"
"f6e42509162bd07049b76701cf2b59618ea6cdf74da374ecd7bc6e5dc4f8d1e9","2026-05-11T10:22:58Z"
"bf244c4bd2455c561e5b49a66d4fc057aabc7d10d6fa5518646c480ccc86d827","2026-05-11T10:22:59Z"
"682a0c226b784e7af814e1d78a4a0c827027560546ba212dd9e5888ec560b76c","2026-05-11T10:23:00Z"
"a1650409334302107b495c14e515a5970dd4339447956c8751d50ef7a194575b","2026-05-11T10:23:09Z"
"9e3e137edc4e439f16af428f04d0db9a7fca79dd225689a21b037da578e65783","2026-05-11T10:23:10Z"
"d8697f788357713cc076a40188e99f3bd39af9055728cd1f714d290650648a94","2026-05-11T10:23:11Z"
"601e9c975e00f658467f3f89f34dfb6d534bb369fc28aa7d0136578c3b8b2953","2026-05-11T10:23:11Z"
"a43dc055281ed4bee02fd517858f6e261de62568f420352c31ecbd8a750b4deb","2026-05-11T10:23:12Z"
"c3e03b8225d0401dc946f6efaa8590840027566f40b74696961a87ced35cf039","2026-05-11T10:23:13Z"
"36dfe7aa7143c9362c95f92f41ff5f846d461aa6d141ee06ba3025e1808ae885","2026-05-11T10:23:14Z"
"62bc2694f59e932258dc1a3b595c7ff4e5a5c5dc3ea90bdd6953fe1621f3683d","2026-05-11T10:23:15Z"
"6e52ee7e5e6fca8ffd87bee84d5bd1529d63e1b74fcf2408bb9c336480026365","2026-05-11T10:23:23Z"
"81b910fdd77d14a6035dcc186511ee542bb40d53bcca07935c2b0ff70803e6a2","2026-05-11T10:23:24Z"
"a26e857fc592d2fc2f951779c97e072839b84738d74ca07a91786d35f320765e","2026-05-11T10:23:25Z"
"42e87f5441172bbce53bd48668889874c8b4f14e5a5562285078e4fd6cb0d2d5","2026-05-11T10:23:26Z"
"f113e6990a4b8c8299bedb7c0287934006fbcc35c3d57ab8006895a354649f0b","2026-05-11T10:23:27Z"
"8c75fabe2abd30851ee50effe0e349e9877029281714752429615bd15c4f12f2","2026-05-11T10:23:28Z"
"dae449d625e98519c47d3c544ba2b9e828778c0f6f50b2af2363b438190e9804","2026-05-11T10:23:29Z"
"d79f956005287618f8f53a1fd337dbbfcbba39dcd780737d9b7762d8932dfe54","2026-05-11T10:23:30Z"
"8f6bf9f16479a9e7d9b48683da909280026b3b3c343e24c3c5ddba867ec2aa45","2026-05-11T10:23:38Z"
"87d0c41ecbb4133d1671d02b560d18dfb68be054414eebbefea066decda9f603","2026-05-11T10:23:39Z"
"5cf06a8359828885bda33d9ae4175832ffe3a9fc7eb240a7e0e87577cae2c0a9","2026-05-11T10:23:41Z"
"ad4fbb98edcc8303ae99e87fd5869d3d65e1fabd482f533501c56770598153e4","2026-05-11T10:23:41Z"
"78525c36b3cbb4ebf1a71335cb43996e6e25d25b648e6f9237be0cdf6c758bed","2026-05-11T10:23:42Z"
"87f30da7adf442458700a269134c3f34feeff1c126b48302b452de064eac894d","2026-05-11T10:23:43Z"
"d99ef901c6e9bf5ce00a5a59db62cf8602aeba0e858623b4c9aa1539e456ee2b","2026-05-11T10:23:44Z"
"e0c60c1884ff807bf6c45863edaf079034a4ac356eed8913edcfe205b032d78d","2026-05-11T10:23:45Z"
"d4a09504116e6e7ad28853a09f040a241522549c909f793d85a46a0ab074269a","2026-05-11T10:23:53Z"
"d0e9ffbbe5c58f70807a22cc30ec2bf5ec3da37471d5927b6c5d7d5717eb2487","2026-05-11T10:23:54Z"
"0fdc54fb35484fca607702f1990ffd2cc643fe28a16b9f80d874033414f4f72d","2026-05-11T10:23:56Z"
"c6fb51f71cdb2e7fe94bb99be7cc59f79020d16e3d2de51d27f1f42060949cce","2026-05-11T10:23:56Z"
"11375cb06775e582af142f143db2092ae2605fb6c521199fb24679c0c09d1539","2026-05-11T10:23:57Z"
"fbea53926c21b5d9e714db6d13e5cc45ca1b5dc5122530346ec78294636c434a","2026-05-11T10:23:58Z"
"fdbb48c1f01d333e99490b8b129d6e8d60fe60d239195273b9759063e8e4ab23","2026-05-11T10:23:59Z"
"231a6db9ed44b3d84ba969bbbdba5e5f37c44d908ac3b3654f5da0aefb3f8d8f","2026-05-11T10:24:00Z"
"833892e3f7de96818c8ccb714350b3313971a4414e6e339e3f8fa7c8cbccfb0b","2026-05-11T10:24:08Z"
"a99a7cc446536fa72555f2adf1f01b1adb6b599b94785bfa16aaf58bacc0ed38","2026-05-11T10:24:09Z"
"30f76c2e903e04cb21804b4f38d4a716d10b3e480fadf3983546dcb7190711d3","2026-05-11T10:24:11Z"
"1c79a2d0ae0b4d7cd9dc375b9e98521e17fb6ceb71cb7c991f2375b91c9ea2b9","2026-05-11T10:24:11Z"
"52a5debc9573ef13ff5c00699e05e93ed1d6b72868d902b55e6576c2e19abeda","2026-05-11T10:24:12Z"
"1d47d57036544da91bf484cdf01b385e3af3af9e7f7d51c7949814585a623a85","2026-05-11T10:24:13Z"
"4d61eb92bd1fdf13b4a91d9582b844a6f5daf5379f09a2b37b32ca1b8bf45784","2026-05-11T10:24:14Z"
"8db9c9fac1496eb6b30ac043751f63e461c753d504cb5e01086d803afefc9614","2026-05-11T10:24:15Z"
"f21c55a64b7e61d0e9ac342775864a90f31396d8cf8323ed9cbb85c8c44022aa","2026-05-11T10:24:23Z"
"98dd1991703543d839638fc3c05254aa13e0724b63389f4aa38c517f986ae24a","2026-05-11T10:24:25Z"
"c28b2911aad788fa737a97d09c85f8bdb2710f87c735b6d636219784fecd13b9","2026-05-11T10:24:26Z"
"8aaef7df5d46b52b7732069f0502e5516b448a15174ebba66eea83545e11c010","2026-05-11T10:24:26Z"
"eb43c4e8849c19212fa2c42760f09f1f0c30957008b46581a4e96edf3c223cd9","2026-05-11T10:24:27Z"
"e694f8467333cb418cc25a15b369d03c42e818a5e0caddf98c3ab469e0c134ba","2026-05-11T10:24:28Z"
"938098854ef1a39e1ebd4dbc6bb1fac666b2e1b13ea742777aa9762d58be4b9d","2026-05-11T10:24:30Z"
"7f89e0b59b531c2ece9ef01bce7cbc9a866013bbc2c398b0a18a4db97d93cb07","2026-05-11T10:24:30Z"
"ab5dbb9462d9785226959715ba326f27800668ed50f2f938ff96d8b37a2b72e6","2026-05-11T10:24:38Z"
"b051cafefa779a97f1e25e13740254f5c402b1dbee7b653aab486bfcc70cf3cf","2026-05-11T10:24:39Z"
"57ad132c488b6a64b499c5bcbd5c95c46d73296048bcbfae211882e76255eb4b","2026-05-11T10:24:41Z"
"3688b71bf790b038db94f65a612702d95814f21a0ecbe8caf65e876347eb5a35","2026-05-11T10:24:42Z"
"a47240f7f2df0c132e523a4aeb33a4b0ae32896361bb5a8900fc504741724d91","2026-05-11T10:24:42Z"
"3aa6781773eaf159c3af3c4342142fbb3bf249306f69940d434f1b61b5622e5d","2026-05-11T10:24:43Z"
"159ad464236bbe61214016122a5e052fcbe870c516b35aa5155770def47cd133","2026-05-11T10:24:44Z"
"78374b33f14d52af4c4ce356eaab115ec6824375c5d40cb9dba6cd976c806e24","2026-05-11T10:24:45Z"
"a1b668baf556b98477832c4b023885805ee8fef7ad78e6a9dd0e2824b74d1819","2026-05-11T10:24:53Z"
"06da2ada51fd7d0666220b5188a61aa1b21f6e2bf222c05f682a3d70df6dd094","2026-05-11T10:24:55Z"
"7ff0f985aa68c24aa81ea4ebc2c48227105071d9c3c67b5155c312f7943df0fd","2026-05-11T10:24:56Z"
"44d050f4af69b014dac772cdf3cf7efe8587548a4561067e3725da3fb01f620a","2026-05-11T10:24:56Z"
"39686f44bd170df899a8370cb7ebb63aa03534f63dc909efaa52ee60e27807d5","2026-05-11T10:24:57Z"
"f7bbaffc578fdd22bdff722eacf33f76ad687599ffcfeb980cd974d3d191c547","2026-05-11T10:24:58Z"
"889c8b493141a504e6de106e08f9a35c1c3583cc0d09fb34005c3bc72ec45385","2026-05-11T10:24:59Z"
"db5038848a65ac47fea84ac3dda679b849caf6cc0614aaf3fd1e302db980bab6","2026-05-11T10:25:00Z"
"cc9b4aaa5ea23e70f09d7fe0dd505ddeeac0a05b5d611a9927ad07416b68efa0","2026-05-11T10:25:08Z"
"73585c1c94f1ed20f1c668e65ac39880167555d5d89736d3c7e4be801604d6de","2026-05-11T10:25:10Z"
"1ecbbc617d3baee9f95d9ad253a26aa82f256a2485ceb8a1c90a8ae2748e611b","2026-05-11T10:25:11Z"
"5e5af2039decf871af066ca8520db5b96b60481ceb39565d3884635c34b0389d","2026-05-11T10:25:12Z"
"e82fb892d55649408117874100941105068d63e09188e8786e804f469656d7a1","2026-05-11T10:25:12Z"
"c70557c6c2f11cf11c97e23a950bd083c4846a45a230145629551f98344f941c","2026-05-11T10:25:13Z"
"d0a70ae0aecf9ea338eecc809af1975682b5e18a5bfedfe7b6a8f7bf8dbbbcaf","2026-05-11T10:25:14Z"
"c1ae6a92febcee9037072e6c7982fc057124c96b3dacec944e4cd99802aed853","2026-05-11T10:25:15Z"
"b37cef0f35686504888737718d06f97d634e5875af6fc41b28429df07728d26b","2026-05-11T10:25:23Z"
"45cd06f3b72e4d6c59ab6e56da422df1979c1a5b7e2604903062bc2f37fd3106","2026-05-11T10:25:25Z"
"5b0ca2592c14f77edf4cfd09a80ead133336a35d24b0258a797411ad4d78a85c","2026-05-11T10:25:26Z"
"e4bdb316aba0368175329794d0765d8cecdeb82475e4be217357a33d1f584f32","2026-05-11T10:25:27Z"
"cd193d174339837323b0480c2670f504620d72d4baaf3bc31964a505b3134d5f","2026-05-11T10:25:27Z"
"9ae1ec1d9daa46db2afa1229fe4b58a4c4091a43defc16d755558529a5a656e5","2026-05-11T10:25:28Z"
"84dbe9c07c23430169825a10282b2013ab3e785c8130637f547be103dcbd3124","2026-05-11T10:25:29Z"
"41a7abfe0053185fd521b6729f33a7ae7a87b62599385e1172955cf3a712c264","2026-05-11T10:25:30Z"
"d54490e3c81b3af0e9b384e904872fef97628a2abca6af306c62b10261165716","2026-05-11T10:25:38Z"
"67389fb0a6cb81b8d20abf5b358b02c307b60c5a69aef5d6ce70107d317917f7","2026-05-11T10:25:40Z"
"aeac6aaad8b65d857b828d67425e884124caedc5b3c160ee1b836295e536d6b6","2026-05-11T10:25:41Z"
"371332d4bd248f8e47f41a6ecbf0f2c1278cfe53b8bc119eba1a51cd0f4a7517","2026-05-11T10:25:42Z"
"c2943873407ac0d9dbc23a379e870d8944e6f40c901fd27646d56eb0d902ec8b","2026-05-11T10:25:43Z"
"29b76264329b9c981387c96a0eb73c46df3bc8e2a25eacef80c690269f331905","2026-05-11T10:25:43Z"
"96b3b8fac1c32bf1008826e8ed3c56aeeaf9ad531a54b7cf11b0bc5c5a15d47b","2026-05-11T10:25:44Z"
"2bee8a6aef80a1848389a6c71f37b675c0044759602a98d57d7f420af84e5092","2026-05-11T10:25:45Z"
"3866c7293ba92193013e74817d5a67bd83dbaafeb192ed20506385c21d1e0da0","2026-05-11T10:25:53Z"
"a14594dae46de611e5581003d9b4dde3f46f462ee5f6c94276363fba708de1b6","2026-05-11T10:25:55Z"
"fee04c51e8edd8b7a730f1a0dd67d81032ec6f7323becf75608dc282ae767ab9","2026-05-11T10:25:56Z"
"e673b22557fdb8beecb9e77a9b71daab079ecef36afb35bf9d92e26d53097dc5","2026-05-11T10:25:57Z"
"86184db8abc2393756c56cbb312f54a321003fb0b70183eb9eb2ec91410662a6","2026-05-11T10:25:57Z"
"2bcd43aeea15612c7de1ce22b66a99cdc4d98af179dffd2280db0f1488c7ba1b","2026-05-11T10:25:58Z"
"0ba00179fe9d7851425d5ddc5c2bd8228b9b567f968b3cf3ab97932b17424b4f","2026-05-11T10:25:59Z"
"b13c19f837035159d8c49ab8d094d451cb265fdb87381528551d07a3f4d5b892","2026-05-11T10:26:00Z"
"2c261543f54cb62ee715f916bd5ed240e4a8d629839757a107ef55704de760c7","2026-05-11T10:26:08Z"
"f37b73aba76cfd498dad264772ebc610212e202b94031c7849318f4e50acd404","2026-05-11T10:26:10Z"
"81195100da267a56c1990c64030aba8a76c9d15fe7788d4b8a1fbdadf6f987b9","2026-05-11T10:26:11Z"
"625c7dd9c4e92e24bb1afe709b087891b761575eebc690dc38dd38e5fc07813d","2026-05-11T10:26:12Z"
"7dd0bbdb8169181da63e9da5e38768847c75f5695a20f3e78ca00903357e892c","2026-05-11T10:26:13Z"
"74bdad0aaf295d63ef4fb2d8dcb202824f1e6d4a3d64e930b33e7f8ed62cf01b","2026-05-11T10:26:14Z"
"548287ee1b540a8662b60ab7aa7f68581e4f366089a52a549a1a00ca196ad11b","2026-05-11T10:26:14Z"
"5997d238ae57870b69474073baf89ecba50c894f24bc6188c17f0974ce464e24","2026-05-11T10:26:15Z"
"9a90897469ef40497a56c7f616c1a0d7c4255ea6dbdfc20996758bd030861dfc","2026-05-11T10:26:23Z"
"eff4ed7c8ab415558d60d2860c8cc0554c22abf7b7a079efc87fc3099f88c835","2026-05-11T10:26:25Z"
"220e479ad9d87d087ef47ce2afb1a1502323d56765dcea5d06d41fb237a6c440","2026-05-11T10:26:26Z"
"bd330021d9f049c33f911c46d85eb07e4453fe1ec72afb4e1c5320487390a452","2026-05-11T10:26:27Z"
"dc9abbfc097be8f08484f4b7fa99618b965ce3408f122962d888436baf441413","2026-05-11T10:26:28Z"
"b66a33c690c2d87d8dd590eb17160e5633d3d967498d385a01da2e9ec44806da","2026-05-11T10:26:28Z"
"86ef6b30aa2cff3bbdb5ba65a7ba79ec8fa34e51f27a4c59026565352832c3ee","2026-05-11T10:26:29Z"
"d32fa0b1c2710d051fee3364454bab2eeff5d31fabad0751fb4295ba783cbb46","2026-05-11T10:26:30Z"
"70b6dc261855491d892e7b0e8b9f39d5912fcfc1f261d3a1ea9e554f4707a749","2026-05-11T10:26:39Z"
"960095e1a2d5f38ec833df550f5c9c70b3476f6c9c4aad11f016cc5f296b149d","2026-05-11T10:26:40Z"
"3ca10e89a4a6c9a8971af70b0851c6957141e24969a1e2067b17a8446bf3f648","2026-05-11T10:26:41Z"
"3df7b0c2c0d609aa24d29a14ba978726e6c3322f17a4fae64f6863bd3f00aed1","2026-05-11T10:26:42Z"
"1fc09ea07741e62ad8805f323fa00b81cd806b2049b6064636567bc214320258","2026-05-11T10:26:43Z"
"f5dd5fb80616b20f4b6dc3739cadadd727503baa8997f7ca5c23701319de5b21","2026-05-11T10:26:44Z"
"edc56c7f4d97af2cff4003b59c7fef599a658567ef8ee6549763a1c6b97cb0b3","2026-05-11T10:26:44Z"
"5f3afca54df7fc7252602b6f887c9aa1b66c3784dbe9373828c8409ad213f379","2026-05-11T10:26:45Z"
"207886418ff03d453cee0e5290eaba62dd08247f3c0f87a4860664c505e845cd","2026-05-11T10:26:53Z"
